company,date,quarter,country,ROA,ROE,debt_to_equity,current_ratio,net_margin,revenue_growth,cash_ratio,inflation_YoY,gdp_growth_rate,interest_rate,ROA_pct,ROE_pct,net_margin_pct,current_ratio_pct,cash_ratio_pct,debt_to_equity_pct,score_profitability_local,score_liquidity_local,score_solvency_local,inv_debt_pct,score_leverage_adjusted_local,ROA_pct_global,ROE_pct_global,net_margin_pct_global,current_ratio_pct_global,cash_ratio_pct_global,debt_to_equity_pct_global,score_profitabilty_global,score_liquidity_global,score_solvency_global,score_leverage_adjusted_global
Banco Santander,2024-09-30,2024-Q3,Spain,,,16.15,0.33,,6.2414,,0.0217,0.008,0.0365,,,,0.2553191489361702,,0.8297872340425532,,0.2553191489361702,0.17021276595744683,0.17021276595744683,0.17021276595744683,,,,0.06153846153846154,,0.3435897435897436,,0.06153846153846154,0.3435897435897436,0.3435897435897436
Banco Santander,2024-06-30,2024-Q2,Spain,0.63,0.109,16.23,0.23,0.0906,-0.8712,0.23,0.0346,0.008,0.0425,1.0,1.0,0.29347826086956524,0.06382978723404255,0.06521739130434782,0.851063829787234,0.7644927536231885,0.06452358926919519,0.14893617021276595,0.14893617021276595,0.574468085106383,0.6404761904761904,0.8767772511848341,0.13507109004739337,0.015384615384615385,0.06770833333333333,0.3384615384615385,0.550774843902806,0.04154647435897436,0.3384615384615385,0.6076193948231863
Banco Santander,2024-03-31,2024-Q1,Spain,0.6,0.1043,16.14,0.24,0.087,-0.6185,0.24,0.0314,0.01,0.045,0.9782608695652174,0.9782608695652174,0.1956521739130435,0.1276595744680851,0.13043478260869565,0.8085106382978723,0.7173913043478262,0.12904717853839037,0.19148936170212771,0.19148936170212771,0.5848751156336726,0.6095238095238096,0.8530805687203792,0.10900473933649289,0.03076923076923077,0.08333333333333333,0.3487179487179487,0.5238697058602272,0.05705128205128205,0.3487179487179487,0.6008992587191639
Banco Santander,2023-12-31,2023-Q4,Spain,0.59,0.1035,16.24,0.35,0.0886,22.1927,0.34,0.0327,0.007,0.045,0.9565217391304348,0.9565217391304348,0.2391304347826087,0.2978723404255319,0.532608695652174,0.8723404255319149,0.7173913043478262,0.4152405180388529,0.12765957446808507,0.12765957446808507,0.5420906567992599,0.5928571428571429,0.8483412322274881,0.11848341232227488,0.07179487179487179,0.3697916666666667,0.33333333333333337,0.5198939291356353,0.22079326923076925,0.33333333333333337,0.5908372827804107
Banco Santander,2023-09-30,2023-Q3,Spain,0.55,0.0968,16.66,0.31,0.1044,0.0201,0.31,0.0282,0.007,0.045,0.8695652173913043,0.9130434782608695,0.5,0.22340425531914893,0.25,0.9361702127659575,0.7608695652173912,0.23670212765957446,0.06382978723404253,0.06382978723404253,0.488436632747456,0.55,0.8009478672985783,0.18009478672985782,0.05384615384615385,0.23177083333333334,0.31794871794871793,0.5103475513428121,0.1428084935897436,0.31794871794871793,0.5594482926236481
Banco Santander,2023-06-30,2023-Q2,Spain,0.52,0.0927,16.45,0.24,0.0977,-0.8681,0.24,0.0306,0.002,0.04,0.8369565217391305,0.8586956521739131,0.45652173913043476,0.1276595744680851,0.13043478260869565,0.8936170212765957,0.717391304347826,0.12904717853839037,0.1063829787234043,0.1063829787234043,0.4825393154486587,0.5285714285714286,0.7417061611374408,0.17061611374407584,0.03076923076923077,0.08333333333333333,0.32820512820512826,0.48029790115098175,0.05705128205128205,0.32820512820512826,0.5349556446712845
Banco Santander,2023-03-31,2023-Q1,Spain,0.51,0.0904,16.58,0.24,0.094,-0.5325,0.24,0.0507,0.007,0.035,0.7934782608695652,0.8043478260869565,0.391304347826087,0.1276595744680851,0.13043478260869565,0.9148936170212766,0.6630434782608695,0.12904717853839037,0.08510638297872342,0.08510638297872342,0.44472710453284,0.5142857142857142,0.7085308056872038,0.15639810426540285,0.03076923076923077,0.08333333333333333,0.32307692307692304,0.45973820807944027,0.05705128205128205,0.32307692307692304,0.5158038643820635
Banco Santander,2022-12-31,2022-Q4,Spain,0.52,0.0915,16.78,0.34,0.1069,17.2432,0.34,0.0659,0.006,0.025,0.8369565217391305,0.8260869565217391,0.5434782608695652,0.2765957446808511,0.532608695652174,0.9787234042553191,0.7355072463768115,0.4046022201665125,0.021276595744680882,0.021276595744680882,0.42368177613321,0.5285714285714286,0.7203791469194313,0.1895734597156398,0.06666666666666667,0.3697916666666667,0.3076923076923077,0.4795080117354999,0.21822916666666667,0.3076923076923077,0.5140357273058695
Banco Santander,2022-09-30,2022-Q3,Spain,0.56,0.0969,17.28,0.39,0.168,-0.0029,0.39,0.1006,0.009,0.0125,0.9021739130434783,0.9347826086956522,0.8260869565217391,0.3191489361702128,0.7717391304347826,1.0,0.8876811594202899,0.5454440333024977,0.0,0.0,0.4673913043478261,0.5619047619047619,0.8056872037914692,0.4004739336492891,0.07692307692307693,0.5677083333333334,0.3025641025641026,0.58935529978184,0.3223157051282052,0.3025641025641026,0.5541256531777858
Banco Santander,2022-06-30,2022-Q2,Spain,0.57,0.0952,16.68,0.96,0.1451,-0.8228,0.96,0.091,0.017,0.0,0.9347826086956522,0.8913043478260869,0.717391304347826,0.3617021276595745,0.8478260869565217,0.9574468085106383,0.8478260869565218,0.6047641073080481,0.04255319148936165,0.04255319148936165,0.4669287696577243,0.5738095238095238,0.7867298578199052,0.2796208530805687,0.6102564102564103,0.953125,0.3128205128205128,0.546720078236666,0.7816907051282052,0.3128205128205128,0.5497751853202091
Banco Santander,2022-03-31,2022-Q1,Spain,0.56,0.0927,15.76,0.24,0.1445,-0.4497,0.24,0.0786,0.013,0.0,0.9021739130434783,0.8586956521739131,0.6739130434782609,0.1276595744680851,0.13043478260869565,0.7659574468085106,0.8115942028985508,0.12904717853839037,0.23404255319148937,0.23404255319148937,0.5463691026827012,0.5619047619047619,0.7417061611374408,0.27014218009478674,0.03076923076923077,0.08333333333333333,0.3589743589743589,0.5245843677123297,0.05705128205128205,0.3589743589743589,0.5503402600558999
Banco Santander,2021-12-31,2021-Q4,Spain,0.51,0.0846,15.44,0.28,0.1366,1.5251,0.28,0.0581,0.02,0.0,0.7934782608695652,0.782608695652174,0.6304347826086957,0.19148936170212766,0.1956521739130435,0.7021276595744681,0.7355072463768116,0.1935707678075856,0.2978723404255319,0.2978723404255319,0.540240518038853,0.5142857142857142,0.6090047393364929,0.23696682464454977,0.046153846153846156,0.15104166666666666,0.37435897435897436,0.4534190927555857,0.0985977564102564,0.37435897435897436,0.49168185684773363
Banco Santander,2021-09-30,2021-Q3,Spain,0.49,0.081,15.51,2.74,0.2334,2.8096,2.74,0.034,0.02,0.0,0.7065217391304348,0.7608695652173914,0.9782608695652174,0.9574468085106383,1.0,0.723404255319149,0.8152173913043478,0.9787234042553192,0.276595744680851,0.276595744680851,0.5187326549491211,0.49047619047619045,0.5758293838862559,0.7867298578199052,0.9897435897435898,1.0,0.36923076923076925,0.6176784773941172,0.9948717948717949,0.36923076923076925,0.4725300765585126
Banco Santander,2021-06-30,2021-Q2,Spain,0.38,0.0607,15.38,0.24,0.1594,-0.7841,0.24,0.0256,0.014,0.0,0.2391304347826087,0.43478260869565216,0.7608695652173914,0.1276595744680851,0.13043478260869565,0.6808510638297872,0.47826086956521746,0.12904717853839037,0.3191489361702128,0.3191489361702128,0.3769657724329325,0.30714285714285716,0.25355450236966826,0.35071090047393366,0.03076923076923077,0.08333333333333333,0.37948717948717947,0.3038027533288197,0.05705128205128205,0.37948717948717947,0.31652084092842386
Banco Santander,2021-03-31,2021-Q1,Spain,0.34,0.0515,15.86,0.21,0.1373,3.4151,0.21,0.0059,0.012,0.0,0.18478260869565216,0.1956521739130435,0.6521739130434783,0.02127659574468085,0.021739130434782608,0.7872340425531915,0.3442028985507246,0.02150786308973173,0.21276595744680848,0.21276595744680848,0.20420906567992597,0.2357142857142857,0.14691943127962084,0.24644549763033174,0.005128205128205128,0.0546875,0.3538461538461538,0.20969307154141278,0.029907852564102565,0.3538461538461538,0.2503827925628873
Banco Santander,2020-09-30,2020-Q3,Spain,0.34,0.0499,15.58,0.41,0.128,-0.7876,0.36,-0.005,0.159,0.0,0.18478260869565216,0.17391304347826086,0.6086956521739131,0.3404255319148936,0.6630434782608695,0.7446808510638298,0.3224637681159421,0.5017345050878815,0.25531914893617025,0.25531914893617025,0.21461609620721556,0.2357142857142857,0.13744075829383887,0.22274881516587677,0.08205128205128205,0.4557291666666667,0.36410256410256414,0.19863461972466712,0.26889022435897436,0.36410256410256414,0.2507716611982015
Banco Santander,2020-03-31,2020-Q1,Spain,0.32,0.045,13.52,0.22,0.0659,3.7329,0.22,0.006,-0.052,0.0,0.15217391304347827,0.13043478260869565,0.10869565217391304,0.0425531914893617,0.043478260869565216,0.5106382978723404,0.13043478260869565,0.04301572617946346,0.4893617021276596,0.4893617021276596,0.30989824236817765,0.2,0.11848341232227488,0.08530805687203792,0.010256410256410256,0.0625,0.49743589743589745,0.13459715639810427,0.03637820512820513,0.49743589743589745,0.30795965487908616
Banco Santander,2019-06-30,2019-Q2,Spain,0.44,0.0601,12.75,2.08,0.0942,-0.8082,2.08,0.0092,0.003,0.0,0.33695652173913043,0.3804347826086957,0.41304347826086957,0.9361702127659575,0.9782608695652174,0.3829787234042553,0.3768115942028986,0.9572155411655874,0.6170212765957447,0.6170212765957447,0.4987280296022202,0.36904761904761907,0.23459715639810427,0.16113744075829384,0.9846153846153847,0.9947916666666666,0.5743589743589743,0.25492740540133907,0.9897035256410256,0.5743589743589743,0.4044780653785393
Banco Santander,2019-03-31,2019-Q1,Spain,0.47,0.0637,12.65,1.95,0.0996,-0.5219,1.95,0.0114,0.006,0.0,0.6086956521739131,0.5978260869565217,0.4782608695652174,0.9148936170212766,0.9565217391304348,0.3191489361702128,0.5615942028985508,0.9357076780758558,0.6808510638297872,0.6808510638297872,0.6393385753931544,0.44761904761904764,0.3009478672985782,0.17535545023696683,0.9743589743589743,0.9895833333333334,0.5897435897435898,0.30797412171819755,0.9819711538461539,0.5897435897435898,0.445345728521084
Banco Santander,2018-12-31,2018-Q4,Spain,0.5,0.068,12.59,0.31,0.106,2.0826,0.31,0.0171,0.006,0.0,0.7608695652173914,0.7391304347826086,0.5217391304347826,0.22340425531914893,0.25,0.2765957446808511,0.6739130434782609,0.23670212765957446,0.7234042553191489,0.7234042553191489,0.7312673450508788,0.5047619047619047,0.3957345971563981,0.1848341232227488,0.05384615384615385,0.23177083333333334,0.6,0.3617768750470172,0.1428084935897436,0.6,0.497867298578199
Banco Santander,2018-09-30,2018-Q3,Spain,0.49,0.0665,12.67,1.42,0.0913,2.233,0.32,0.0223,0.006,0.0,0.7065217391304348,0.717391304347826,0.32608695652173914,0.7659574468085106,0.33695652173913043,0.3404255319148936,0.5833333333333334,0.5514569842738205,0.6595744680851063,0.6595744680851063,0.6884828862164662,0.49047619047619045,0.36729857819905215,0.14218009478672985,0.8769230769230769,0.2838541666666667,0.5846153846153845,0.3333182878206575,0.5803886217948718,0.5846153846153845,0.4759569814072183
Banco Santander,2018-06-30,2018-Q2,Spain,0.45,0.0611,12.73,1.32,0.0945,-0.7987,1.25,0.018,0.007,0.0,0.43478260869565216,0.4782608695652174,0.43478260869565216,0.4787234042553192,0.8695652173913043,0.3617021276595745,0.4492753623188406,0.6741443108233117,0.6382978723404256,0.6382978723404256,0.5582793709528215,0.3952380952380952,0.26540284360189575,0.16587677725118483,0.8076923076923077,0.9583333333333334,0.5794871794871794,0.27550590536372527,0.8830128205128205,0.5794871794871794,0.4224450115445376
Banco Santander,2018-03-31,2018-Q1,Spain,0.46,0.0619,12.64,1.83,0.0937,-0.5968,1.83,0.0095,0.004,0.0,0.5434782608695652,0.5,0.3695652173913043,0.8936170212765957,0.9347826086956522,0.2978723404255319,0.4710144927536232,0.9141998149861239,0.7021276595744681,0.7021276595744681,0.601063829787234,0.4261904761904762,0.27488151658767773,0.15165876777251186,0.9641025641025641,0.984375,0.5948717948717949,0.28424358685022194,0.9742387820512821,0.5948717948717949,0.43487665572973633
Banco Santander,2017-12-31,2017-Q4,Spain,0.45,0.0597,12.52,1.37,0.0888,11.3792,0.31,0.0145,0.006,0.0,0.43478260869565216,0.31521739130434784,0.2608695652173913,0.5638297872340425,0.25,0.23404255319148937,0.33695652173913043,0.40691489361702127,0.7659574468085106,0.7659574468085106,0.5405874190564293,0.3952380952380952,0.22037914691943128,0.12322274881516587,0.8282051282051283,0.23177083333333334,0.6153846153846154,0.24627999699089745,0.5299879807692308,0.6153846153846154,0.41788188115202335
Banco Santander,2017-09-30,2017-Q3,Spain,0.46,0.0601,12.5,1.38,0.0906,0.118,0.33,0.0165,0.006,0.0,0.5434782608695652,0.3804347826086957,0.29347826086956524,0.6063829787234043,0.42391304347826086,0.2127659574468085,0.4057971014492754,0.5151480111008326,0.7872340425531915,0.7872340425531915,0.5838344125809436,0.4261904761904762,0.23459715639810427,0.13507109004739337,0.8384615384615385,0.3255208333333333,0.6230769230769231,0.26528624087865793,0.5819911858974359,0.6230769230769231,0.4288370397375137
Banco Santander,2017-06-30,2017-Q2,Spain,0.49,0.0637,12.01,1.48,0.0935,-0.806,0.34,0.02,0.01,0.0,0.7065217391304348,0.5978260869565217,0.34782608695652173,0.7872340425531915,0.532608695652174,0.0425531914893617,0.5507246376811594,0.6599213691026827,0.9574468085106383,0.9574468085106383,0.77763644773358,0.49047619047619045,0.3009478672985782,0.14691943127962084,0.8974358974358975,0.3697916666666667,0.7102564102564102,0.3127811630181298,0.633613782051282,0.7102564102564102,0.5056021387774942
Banco Santander,2017-03-31,2017-Q1,Spain,0.45,0.0592,11.89,1.39,0.0873,-0.6111,0.33,0.0274,0.007,0.0,0.43478260869565216,0.2826086956521739,0.21739130434782608,0.648936170212766,0.42391304347826086,0.02127659574468085,0.3115942028985507,0.5364246068455134,0.9787234042553191,0.9787234042553191,0.6306660499537465,0.3952380952380952,0.2132701421800948,0.11374407582938388,0.8487179487179487,0.3255208333333333,0.7333333333333334,0.24075077108252463,0.587119391025641,0.7333333333333334,0.4733017377567141
Banco Santander,2016-12-31,2016-Q4,Spain,0.44,0.0579,12.04,8.09,0.086,12.5737,1.73,0.0098,0.006,0.0,0.33695652173913043,0.2608695652173913,0.17391304347826086,1.0,0.9130434782608695,0.06382978723404255,0.2572463768115942,0.9565217391304348,0.9361702127659575,0.9361702127659575,0.5985198889916744,0.36904761904761907,0.20853080568720378,0.10426540284360189,1.0,0.9791666666666666,0.6974358974358974,0.22728127585947488,0.9895833333333333,0.6974358974358974,0.45298335156155056
Banco Santander,2016-09-30,2016-Q3,Spain,0.45,0.0606,12.15,1.4,0.2341,-0.0345,0.33,-0.0018,0.008,0.0,0.43478260869565216,0.41304347826086957,1.0,0.6808510638297872,0.42391304347826086,0.10638297872340426,0.6159420289855072,0.552382053654024,0.8936170212765957,0.8936170212765957,0.6533302497687327,0.3952380952380952,0.24644549763033174,0.8033175355450237,0.8564102564102564,0.3255208333333333,0.6692307692307693,0.4816670428044836,0.5909655448717949,0.6692307692307693,0.4578381334305505
Banco Santander,2016-06-30,2016-Q2,Spain,0.45,0.0608,12.38,1.41,0.1927,-0.7936,0.33,-0.0094,0.003,0.0,0.43478260869565216,0.45652173913043476,0.9130434782608695,0.723404255319149,0.42391304347826086,0.13829787234042554,0.6014492753623188,0.5736586493987049,0.8617021276595744,0.8617021276595744,0.6591119333950046,0.3952380952380952,0.26066350710900477,0.5213270142180095,0.8666666666666667,0.3255208333333333,0.6538461538461539,0.39240953885503654,0.59609375,0.6538461538461539,0.4572548304775793
Banco Santander,2016-03-31,2016-Q1,Spain,0.49,0.0649,12.41,1.41,0.1652,5.2644,0.35,-0.0066,0.007,0.0,0.7065217391304348,0.6956521739130435,0.8043478260869565,0.723404255319149,0.6195652173913043,0.1702127659574468,0.7355072463768115,0.6714847363552267,0.8297872340425532,0.8297872340425532,0.7627197039777983,0.49047619047619045,0.3341232227488152,0.38388625592417064,0.8666666666666667,0.4192708333333333,0.6461538461538461,0.40282855638305876,0.64296875,0.6461538461538461,0.4901385344513306
Banco Santander,2015-12-31,2015-Q4,Spain,0.48,0.0646,12.57,1.41,0.1963,-0.6982,0.35,-0.0032,0.009,0.0005,0.6521739130434783,0.6739130434782609,0.9347826086956522,0.723404255319149,0.6195652173913043,0.2553191489361702,0.7536231884057972,0.6714847363552267,0.7446808510638299,0.7446808510638299,0.7092969472710453,0.46904761904761905,0.32701421800947866,0.5497630331753555,0.8666666666666667,0.4192708333333333,0.6051282051282052,0.4486082900774844,0.64296875,0.6051282051282052,0.4660712115688419
Banco Santander,2015-09-30,2015-Q3,Spain,0.47,0.0637,12.38,1.21,0.1977,-0.2087,0.31,-0.0041,0.009,0.0005,0.6086956521739131,0.5978260869565217,0.9565217391304348,0.3829787234042553,0.25,0.13829787234042554,0.7210144927536232,0.31648936170212766,0.8617021276595744,0.8617021276595744,0.7297641073080481,0.44761904761904764,0.3009478672985782,0.5687203791469194,0.7846153846153846,0.23177083333333334,0.6538461538461539,0.43909576468818173,0.508193108974359,0.6538461538461539,0.47739701057236605
Banco Santander,2015-06-30,2015-Q2,Spain,0.47,0.0639,12.14,1.36,0.1851,0.0369,0.32,-0.0025,0.011,0.0005,0.6086956521739131,0.6521739130434783,0.8913043478260869,0.5319148936170213,0.33695652173913043,0.0851063829787234,0.7173913043478262,0.4344357076780758,0.9148936170212766,0.9148936170212766,0.7835337650323775,0.44761904761904764,0.3175355450236967,0.5023696682464455,0.8205128205128205,0.2838541666666667,0.6794871794871795,0.42250808696306325,0.5521834935897436,0.6794871794871795,0.49851136225543813
Banco Santander,2015-03-31,2015-Q1,Spain,0.46,0.0637,12.42,1.37,0.1802,3.0385,0.34,-0.0102,0.012,0.0005,0.5434782608695652,0.5978260869565217,0.8695652173913043,0.5638297872340425,0.532608695652174,0.19148936170212766,0.6702898550724637,0.5482192414431082,0.8085106382978724,0.8085106382978724,0.7031683626271971,0.4261904761904762,0.3009478672985782,0.4786729857819905,0.8282051282051283,0.3697916666666667,0.6384615384615384,0.40193710975701497,0.5989983974358974,0.6384615384615384,0.4697047028800583
Banco Santander,2014-12-31,2014-Q4,Spain,0.45,0.0635,13.12,1.49,0.1728,-0.7745,0.38,-0.005,0.01,0.0005,0.43478260869565216,0.532608695652174,0.8478260869565217,0.8085106382978723,0.7282608695652174,0.46808510638297873,0.605072463768116,0.7683857539315448,0.5319148936170213,0.5319148936170213,0.5322617946345976,0.3952380952380952,0.28672985781990523,0.43601895734597157,0.9025641025641026,0.53125,0.5333333333333333,0.37266230346799073,0.7169070512820512,0.5333333333333333,0.4100315955766193
Banco Santander,2014-09-30,2014-Q3,Spain,0.45,0.0635,13.06,1.54,0.1648,-0.049,0.39,-0.0033,0.008,0.0005,0.43478260869565216,0.532608695652174,0.782608695652174,0.8297872340425532,0.7717391304347826,0.44680851063829785,0.5833333333333334,0.8007631822386678,0.5531914893617021,0.5531914893617021,0.542900092506938,0.3952380952380952,0.28672985781990523,0.3767772511848341,0.9128205128205128,0.5677083333333334,0.5384615384615384,0.3529150680809449,0.7402644230769231,0.5384615384615384,0.41259569814072183
Banco Santander,2014-06-30,2014-Q2,Spain,0.42,0.0598,12.86,1.38,0.1549,0.0308,0.34,0.0022,0.005,0.0015,0.30434782608695654,0.34782608695652173,0.7391304347826086,0.6063829787234043,0.532608695652174,0.40425531914893614,0.463768115942029,0.5694958371877892,0.5957446808510638,0.5957446808510638,0.47178538390379277,0.35,0.22748815165876776,0.3080568720379147,0.8384615384615385,0.3697916666666667,0.5564102564102564,0.2951816745655608,0.6041266025641026,0.5564102564102564,0.3919492040345121
Banco Santander,2014-03-31,2014-Q1,Spain,0.39,0.0562,13.16,1.34,0.145,2.547,0.34,0.0001,0.004,0.0025,0.2717391304347826,0.2391304347826087,0.6956521739130435,0.5106382978723404,0.532608695652174,0.48936170212765956,0.40217391304347827,0.5216234967622572,0.5106382978723405,0.5106382978723405,0.37488436632747457,0.32142857142857145,0.1990521327014218,0.27488151658767773,0.8153846153846154,0.3697916666666667,0.5282051282051282,0.26512074023922366,0.5925881410256411,0.5282051282051282,0.363628630453275
Banco Santander,2013-12-31,2013-Q4,Spain,0.37,0.0544,12.96,1.32,0.1166,-0.6937,0.32,0.0013,0.003,0.0025,0.21739130434782608,0.21739130434782608,0.5869565217391305,0.4787234042553192,0.33695652173913043,0.425531914893617,0.34057971014492755,0.4078399629972248,0.574468085106383,0.574468085106383,0.39592969472710454,0.3,0.17772511848341233,0.2037914691943128,0.8076923076923077,0.2838541666666667,0.5487179487179488,0.22717219589257506,0.5457732371794872,0.5487179487179488,0.36322153360068055
Banco Santander,2013-09-30,2013-Q3,Spain,0.3,0.0456,13.6,1.31,0.0841,-0.0428,0.36,0.0121,0.001,0.005,0.13043478260869565,0.15217391304347827,0.15217391304347827,0.43617021276595747,0.6630434782608695,0.5319148936170213,0.14492753623188406,0.5496068455134135,0.46808510638297873,0.46808510638297873,0.3101295097132285,0.16666666666666666,0.12322274881516587,0.0947867298578199,0.7974358974358975,0.4557291666666667,0.4871794871794872,0.12822538177988416,0.6265825320512821,0.4871794871794872,0.3052011179973265
Banco Santander,2013-06-30,2013-Q2,Spain,0.22,0.0333,14.03,1.3,0.0606,-0.4114,0.37,0.0172,-0.001,0.005,0.08695652173913043,0.08695652173913043,0.08695652173913043,0.40425531914893614,0.6956521739130435,0.5531914893617021,0.08695652173913043,0.5499537465309898,0.44680851063829785,0.44680851063829785,0.26688251618871417,0.10476190476190476,0.0947867298578199,0.08056872037914692,0.7897435897435897,0.4895833333333333,0.46153846153846156,0.09337245166629053,0.6396634615384615,0.46153846153846156,0.2781625956981407
Banco Santander,2013-03-31,2013-Q1,Spain,0.14,0.0217,14.16,1.31,0.0379,0.7785,0.32,0.0262,-0.003,0.0075,0.03260869565217391,0.021739130434782608,0.021739130434782608,0.43617021276595747,0.33695652173913043,0.5957446808510638,0.025362318840579712,0.3865633672525439,0.4042553191489362,0.4042553191489362,0.2129972247918594,0.07380952380952381,0.06635071090047394,0.06635071090047394,0.7974358974358975,0.2838541666666667,0.4358974358974359,0.06883698187015723,0.5406450320512821,0.4358974358974359,0.25112407339895493
Banco Santander,2012-12-31,2012-Q4,Spain,0.17,0.0265,14.06,1.39,0.0537,-0.0435,0.38,0.0309,-0.008,0.0075,0.06521739130434782,0.06521739130434782,0.06521739130434782,0.648936170212766,0.7282608695652174,0.574468085106383,0.06521739130434782,0.6885985198889917,0.42553191489361697,0.42553191489361697,0.2453746530989824,0.08571428571428572,0.08530805687203792,0.07582938388625593,0.8487179487179487,0.53125,0.45641025641025645,0.08228390882419319,0.6899839743589744,0.45641025641025645,0.2708591566411472
Banco Santander,2012-09-30,2012-Q3,Spain,0.14,0.0219,14.42,1.61,0.0395,-0.153,0.44,0.0276,-0.005,0.0075,0.03260869565217391,0.043478260869565216,0.043478260869565216,0.8723404255319149,0.8260869565217391,0.6382978723404256,0.03985507246376812,0.8492136910268271,0.36170212765957444,0.36170212765957444,0.2025901942645698,0.07380952380952381,0.07109004739336493,0.07109004739336493,0.9384615384615385,0.6510416666666666,0.41538461538461535,0.07199653953208456,0.7947516025641026,0.41538461538461535,0.24323733138899015
Banco Santander,2012-06-30,2012-Q2,Spain,0.28,0.0439,14.8,5.35,0.0769,0.1566,1.41,0.0197,-0.01,0.01,0.10869565217391304,0.10869565217391304,0.13043478260869565,0.9787234042553191,0.8913043478260869,0.6595744680851063,0.11594202898550725,0.935013876040703,0.34042553191489366,0.34042553191489366,0.22456059204440335,0.1357142857142857,0.10900473933649289,0.09004739336492891,0.9948717948717949,0.96875,0.3948717948717949,0.11158880613856915,0.9818108974358974,0.3948717948717949,0.2519382671041439
Banco Santander,2012-03-31,2012-Q1,Spain,0.39,0.0597,14.25,1.55,0.1132,,0.42,0.0196,-0.008,0.01,0.2717391304347826,0.31521739130434784,0.5652173913043478,0.851063829787234,0.8043478260869565,0.6170212765957447,0.3840579710144927,0.8277058279370952,0.3829787234042553,0.3829787234042553,0.34909805735430155,0.32142857142857145,0.22037914691943128,0.1990521327014218,0.9179487179487179,0.6171875,0.4307692307692308,0.24695328368314154,0.7675681089743589,0.4307692307692308,0.32557418884433104
BNP Paribas,2024-12-31,2024-Q4,France,0.43,0.089,19.17,0.74,0.236,-0.0253,0.31,0.0127,-0.001,0.0315,0.875,0.8409090909090909,0.9090909090909091,0.32558139534883723,0.5,0.20930232558139536,0.875,0.4127906976744186,0.7906976744186046,0.7906976744186046,0.8158033826638478,0.3595238095238095,0.6706161137440758,0.8104265402843602,0.15897435897435896,0.23177083333333334,0.2564102564102564,0.6135221545174152,0.19537259615384617,0.2564102564102564,0.4635131850771661
BNP Paribas,2024-09-30,2024-Q3,France,0.39,0.0806,20.06,0.81,0.2164,-0.001,0.37,0.0174,0.004,0.0365,0.7954545454545454,0.7954545454545454,0.8863636363636364,0.7674418604651163,0.7325581395348837,0.4883720930232558,0.8257575757575757,0.75,0.5116279069767442,0.5116279069767442,0.6535412262156448,0.32142857142857145,0.5687203791469194,0.6777251184834123,0.2564102564102564,0.4895833333333333,0.19487179487179485,0.522624689686301,0.3729967948717948,0.19487179487179485,0.38179608700935713
BNP Paribas,2024-06-30,2024-Q2,France,0.38,0.0792,20.13,0.81,0.2138,-0.0292,0.37,0.0221,0.003,0.0425,0.7727272727272727,0.7727272727272727,0.8636363636363636,0.7674418604651163,0.7325581395348837,0.5348837209302325,0.8030303030303031,0.75,0.4651162790697675,0.4651162790697675,0.6189217758985202,0.30714285714285716,0.5497630331753555,0.6635071090047393,0.2564102564102564,0.4895833333333333,0.18461538461538463,0.5068043331076506,0.3729967948717948,0.18461538461538463,0.36718920889537005
BNP Paribas,2024-03-31,2024-Q1,France,0.36,0.0746,19.67,0.81,0.2057,0.1671,0.38,0.0279,0.001,0.045,0.7045454545454546,0.6818181818181818,0.8409090909090909,0.7674418604651163,0.8023255813953488,0.37209302325581395,0.7424242424242423,0.7848837209302326,0.627906976744186,0.627906976744186,0.654862579281184,0.28095238095238095,0.5118483412322274,0.6255924170616114,0.2564102564102564,0.53125,0.2205128205128205,0.4727977130820733,0.3938301282051282,0.2205128205128205,0.366180580872524
BNP Paribas,2023-12-31,2023-Q4,France,0.41,0.0846,19.11,0.76,0.2362,-0.0778,0.34,0.0372,0.004,0.045,0.8181818181818182,0.8181818181818182,0.9318181818181818,0.4883720930232558,0.627906976744186,0.16279069767441862,0.8560606060606061,0.5581395348837209,0.8372093023255813,0.8372093023255813,0.8276955602536997,0.3380952380952381,0.6090047393364929,0.8151658767772512,0.19487179487179487,0.3697916666666667,0.2666666666666667,0.587421951402994,0.2823317307692308,0.2666666666666667,0.4378357030015798
BNP Paribas,2023-09-30,2023-Q3,France,0.46,0.0984,19.89,0.68,0.2644,0.0209,0.26,0.0468,0.001,0.045,0.9545454545454546,0.9318181818181818,1.0,0.023255813953488372,0.03488372093023256,0.46511627906976744,0.962121212121212,0.029069767441860465,0.5348837209302326,0.5348837209302326,0.7333509513742071,0.4261904761904762,0.8199052132701422,0.9146919431279621,0.08717948717948718,0.10677083333333333,0.19999999999999996,0.7202625441961935,0.09697516025641026,0.19999999999999996,0.509952606635071
BNP Paribas,2023-06-30,2023-Q2,France,0.43,0.0949,19.82,0.69,0.2444,-0.0422,0.27,0.0518,0.005,0.04,0.875,0.9090909090909091,0.9772727272727273,0.05813953488372093,0.11627906976744186,0.43023255813953487,0.9204545454545455,0.0872093023255814,0.5697674418604651,0.5697674418604651,0.7394291754756871,0.3595238095238095,0.7819905213270142,0.8720379146919431,0.09487179487179487,0.125,0.20769230769230773,0.6711840818475889,0.10993589743589743,0.20769230769230773,0.49484141450966096
BNP Paribas,2023-03-31,2023-Q1,France,0.42,0.0937,19.41,0.82,0.2376,0.0412,0.4,0.0599,0.002,0.035,0.8409090909090909,0.8636363636363636,0.9545454545454546,0.872093023255814,0.8953488372093024,0.2558139534883721,0.8863636363636364,0.8837209302325582,0.7441860465116279,0.7441860465116279,0.8039112050739958,0.35,0.7654028436018957,0.8293838862559242,0.28205128205128205,0.5859375,0.24615384615384617,0.64826224328594,0.433994391025641,0.24615384615384617,0.505778344877871
BNP Paribas,2022-09-30,2022-Q3,France,0.32,0.0744,22.99,0.69,0.1846,-0.1514,0.33,0.0585,0.001,0.0125,0.4318181818181818,0.6590909090909091,0.7954545454545454,0.05813953488372093,0.6046511627906976,0.9767441860465116,0.6287878787878788,0.3313953488372093,0.023255813953488413,0.023255813953488413,0.34117336152219874,0.2,0.5071090047393365,0.4976303317535545,0.09487179487179487,0.3255208333333333,0.0871794871794872,0.40157977883096363,0.2101963141025641,0.0871794871794872,0.29714424595941186
BNP Paribas,2022-03-31,2022-Q1,France,0.3,0.0671,22.14,0.8,0.1675,0.0911,0.41,0.0365,-0.002,0.0,0.32954545454545453,0.36363636363636365,0.5227272727272727,0.6511627906976745,0.9418604651162791,0.9302325581395349,0.4053030303030303,0.7965116279069768,0.06976744186046513,0.06976744186046513,0.2167019027484144,0.16666666666666666,0.3791469194312796,0.3933649289099526,0.23076923076923078,0.5963541666666666,0.09743589743589742,0.31305950500263297,0.4135616987179487,0.09743589743589742,0.2382914084335885
BNP Paribas,2021-09-30,2021-Q3,France,0.3,0.0664,21.57,0.72,0.1707,-0.0566,0.32,0.0173,0.033,0.0,0.32954545454545453,0.3409090909090909,0.6136363636363636,0.1511627906976744,0.5813953488372093,0.8604651162790697,0.42803030303030304,0.36627906976744184,0.13953488372093026,0.13953488372093026,0.24022198731501057,0.16666666666666666,0.36018957345971564,0.4312796208530806,0.12051282051282051,0.2838541666666667,0.11282051282051286,0.3193786203264876,0.2021834935897436,0.11282051282051286,0.23650504314011425
BNP Paribas,2021-03-31,2021-Q1,France,0.29,0.065,21.47,0.8,0.1648,0.1029,0.41,0.0074,0.001,0.0,0.2727272727272727,0.29545454545454547,0.4772727272727273,0.6511627906976745,0.9418604651162791,0.813953488372093,0.34848484848484845,0.7965116279069768,0.18604651162790697,0.18604651162790697,0.24075052854122622,0.1523809523809524,0.3412322274881517,0.3767772511848341,0.23076923076923078,0.5963541666666666,0.12307692307692308,0.29013014368464607,0.4135616987179487,0.12307692307692308,0.23215457528253738
BNP Paribas,2020-12-31,2020-Q4,France,0.28,0.0617,20.21,0.8,0.1581,0.0148,0.37,0.0008,-0.009,0.0,0.2159090909090909,0.22727272727272727,0.3409090909090909,0.6511627906976745,0.7325581395348837,0.5581395348837209,0.26136363636363635,0.6918604651162791,0.4418604651162791,0.4418604651162791,0.3345665961945032,0.1357142857142857,0.27014218009478674,0.32701421800947866,0.23076923076923078,0.4895833333333333,0.17948717948717952,0.24429022793951702,0.36017628205128205,0.17948717948717952,0.22481467979098313
BNP Paribas,2020-09-30,2020-Q3,France,0.29,0.0638,21.29,0.82,0.1619,-0.0093,0.4,0.0035,0.183,0.0,0.2727272727272727,0.25,0.4318181818181818,0.872093023255814,0.8953488372093024,0.7906976744186046,0.3181818181818182,0.8837209302325582,0.2093023255813954,0.2093023255813954,0.2296511627906977,0.1523809523809524,0.3127962085308057,0.36018957345971564,0.28205128205128205,0.5859375,0.1282051282051282,0.27512224479049124,0.433994391025641,0.1282051282051282,0.22050066836796695
BNP Paribas,2020-06-30,2020-Q2,France,0.29,0.0649,21.61,0.81,0.1626,0.0728,0.38,0.003,-0.135,0.0,0.2727272727272727,0.2727272727272727,0.45454545454545453,0.7674418604651163,0.8023255813953488,0.9069767441860465,0.3333333333333333,0.7848837209302326,0.09302325581395354,0.09302325581395354,0.18287526427061312,0.1523809523809524,0.3341232227488152,0.36492890995260663,0.2564102564102564,0.53125,0.10256410256410253,0.28381102836079136,0.3938301282051282,0.10256410256410253,0.21834366265645885
BNP Paribas,2020-03-31,2020-Q1,France,0.31,0.0676,22.56,0.77,0.1681,-0.0461,0.35,0.012,-0.055,0.0,0.375,0.38636363636363635,0.5681818181818182,0.5465116279069767,0.6627906976744186,0.9534883720930233,0.4431818181818182,0.6046511627906976,0.046511627906976716,0.046511627906976716,0.21643763213530653,0.18095238095238095,0.38388625592417064,0.4075829383886256,0.2076923076923077,0.4192708333333333,0.09230769230769231,0.32414052508839236,0.3134815705128205,0.09230769230769231,0.23809697411593148
BNP Paribas,2019-12-31,2019-Q4,France,0.35,0.0738,18.36,0.81,0.1809,0.0348,0.3,0.0108,-0.003,0.0,0.6136363636363636,0.5909090909090909,0.75,0.7674418604651163,0.38372093023255816,0.023255813953488372,0.6515151515151515,0.5755813953488372,0.9767441860465116,0.9767441860465116,0.7838266384778012,0.25476190476190474,0.4881516587677725,0.4834123222748815,0.2564102564102564,0.19270833333333334,0.2974358974358975,0.40877529526818623,0.22455929487179488,0.2974358974358975,0.392793778101835
BNP Paribas,2019-09-30,2019-Q3,France,0.36,0.0779,21.49,0.71,0.1912,-0.0424,0.28,0.0101,0.0,0.0,0.7045454545454546,0.75,0.8181818181818182,0.10465116279069768,0.22093023255813954,0.8372093023255814,0.7575757575757577,0.16279069767441862,0.16279069767441856,0.16279069767441856,0.4563953488372093,0.28095238095238095,0.5355450236966824,0.5118483412322274,0.1076923076923077,0.15104166666666666,0.11794871794871797,0.4427819152937636,0.1293669871794872,0.11794871794871797,0.3267468708227002
BNP Paribas,2019-06-30,2019-Q2,France,0.36,0.0752,20.87,0.73,0.1822,0.0006,0.27,0.0112,0.007,0.0,0.7045454545454546,0.7045454545454546,0.7727272727272727,0.22093023255813954,0.11627906976744186,0.7209302325581395,0.7272727272727272,0.1686046511627907,0.2790697674418605,0.2790697674418605,0.49180761099365755,0.28095238095238095,0.5165876777251185,0.4881516587677725,0.1358974358974359,0.125,0.14358974358974363,0.4285639058150907,0.13044871794871793,0.14358974358974363,0.33008871065743106
BNP Paribas,2019-03-31,2019-Q1,France,0.35,0.072,19.82,0.85,0.1764,0.0502,0.39,0.0122,0.007,0.0,0.6136363636363636,0.5227272727272727,0.7272727272727273,0.9418604651162791,0.8488372093023255,0.43023255813953487,0.6212121212121212,0.8953488372093024,0.5697674418604651,0.5697674418604651,0.5462473572938689,0.25476190476190474,0.4549763033175355,0.4597156398104265,0.33076923076923076,0.5677083333333334,0.20769230769230773,0.3898179492966223,0.4492387820512821,0.20769230769230773,0.3313343055049216
BNP Paribas,2018-09-30,2018-Q3,France,0.35,0.0722,20.45,0.74,0.1753,-0.0946,0.29,0.0225,0.004,0.0,0.6136363636363636,0.5454545454545454,0.7045454545454546,0.32558139534883723,0.3023255813953488,0.627906976744186,0.6212121212121212,0.313953488372093,0.37209302325581395,0.37209302325581395,0.4587737843551797,0.25476190476190474,0.4597156398104265,0.4549763033175355,0.15897435897435896,0.171875,0.16410256410256407,0.3898179492966223,0.16542467948717948,0.16410256410256407,0.3119091019564953
BNP Paribas,2018-03-31,2018-Q1,France,0.32,0.0651,19.42,0.85,0.1583,0.0872,0.39,0.0136,0.001,0.0,0.4318181818181818,0.3181818181818182,0.36363636363636365,0.9418604651162791,0.8488372093023255,0.27906976744186046,0.37121212121212127,0.8953488372093024,0.7209302325581395,0.7209302325581395,0.5195560253699788,0.2,0.34834123222748814,0.33175355450236965,0.33076923076923076,0.5677083333333334,0.24102564102564106,0.2933649289099526,0.4492387820512821,0.24102564102564106,0.2946834366265646
BNP Paribas,2017-09-30,2017-Q3,France,0.34,0.0686,19.52,0.82,0.1669,0.0145,0.37,0.0087,0.008,0.0,0.5568181818181818,0.4772727272727273,0.5,0.872093023255814,0.7325581395348837,0.32558139534883723,0.5113636363636364,0.8023255813953488,0.6744186046511628,0.6744186046511628,0.5758456659619451,0.2357142857142857,0.4218009478672986,0.3886255924170616,0.28205128205128205,0.4895833333333333,0.23076923076923073,0.3487136086662153,0.3858173076923077,0.23076923076923073,0.32628508931826466
BNP Paribas,2017-03-31,2017-Q1,France,0.36,0.0742,19.49,0.8,0.1749,0.0502,0.35,0.0123,0.007,0.0,0.7045454545454546,0.625,0.6704545454545454,0.6511627906976745,0.6627906976744186,0.3023255813953488,0.6666666666666666,0.6569767441860466,0.6976744186046512,0.6976744186046512,0.6613372093023255,0.28095238095238095,0.5,0.44786729857819907,0.23076923076923078,0.4192708333333333,0.23589743589743595,0.4096065598435266,0.32502003205128205,0.23589743589743595,0.367948717948718
BNP Paribas,2016-12-31,2016-Q4,France,0.36,0.0742,18.74,0.75,0.1749,-0.0307,0.27,0.005,0.006,0.0,0.7045454545454546,0.625,0.6704545454545454,0.4186046511627907,0.11627906976744186,0.06976744186046512,0.6666666666666666,0.2674418604651163,0.9302325581395349,0.9302325581395349,0.7776162790697674,0.28095238095238095,0.5,0.44786729857819907,0.1794871794871795,0.125,0.28717948717948716,0.4096065598435266,0.15224358974358976,0.28717948717948716,0.3935897435897436
BNP Paribas,2016-09-30,2016-Q3,France,0.33,0.068,20.07,0.76,0.1584,-0.0753,0.31,0.0028,0.003,0.0,0.5,0.4318181818181818,0.3977272727272727,0.4883720930232558,0.5,0.5116279069767442,0.4431818181818182,0.4941860465116279,0.4883720930232558,0.4883720930232558,0.46009513742071884,0.21904761904761905,0.3957345971563981,0.33886255924170616,0.19487179487179487,0.23177083333333334,0.18974358974358974,0.31788159181524106,0.2133213141025641,0.18974358974358974,0.29273909344999394
BNP Paribas,2016-06-30,2016-Q2,France,0.33,0.0681,20.41,0.73,0.158,0.0695,0.28,-0.0001,-0.003,0.0,0.5,0.45454545454545453,0.3181818181818182,0.22093023255813954,0.22093023255813954,0.6046511627906976,0.42424242424242425,0.22093023255813954,0.39534883720930236,0.39534883720930236,0.4249471458773785,0.21904761904761905,0.4028436018957346,0.3222748815165877,0.1358974358974359,0.15104166666666666,0.16923076923076918,0.31472203415331373,0.14346955128205127,0.16923076923076918,0.28603718556325186
BNP Paribas,2016-03-31,2016-Q1,France,0.33,0.0688,19.7,0.74,0.1584,0.0466,0.29,-0.0004,0.006,0.0,0.5,0.5,0.3977272727272727,0.32558139534883723,0.3023255813953488,0.3953488372093023,0.4659090909090909,0.313953488372093,0.6046511627906976,0.6046511627906976,0.5523255813953488,0.21904761904761905,0.4265402843601896,0.33886255924170616,0.15897435897435896,0.171875,0.2153846153846154,0.32815015421650495,0.16542467948717948,0.2153846153846154,0.3209624498724025
BNP Paribas,2015-12-31,2015-Q4,France,0.31,0.0679,18.93,0.74,0.1538,-0.0057,0.26,0.0009,0.002,0.0005,0.375,0.4090909090909091,0.29545454545454547,0.32558139534883723,0.03488372093023256,0.13953488372093023,0.35984848484848486,0.1802325581395349,0.8604651162790697,0.8604651162790697,0.6347780126849895,0.18095238095238095,0.3886255924170616,0.3033175355450237,0.15897435897435896,0.10677083333333333,0.27179487179487183,0.29096516963815544,0.13287259615384614,0.27179487179487183,0.33021023210596673
BNP Paribas,2015-09-30,2015-Q3,France,0.34,0.0759,20.7,0.74,0.173,-0.0626,0.3,0.0008,0.002,0.0005,0.5568181818181818,0.7272727272727273,0.6363636363636364,0.32558139534883723,0.38372093023255816,0.6744186046511628,0.6401515151515151,0.3546511627906977,0.32558139534883723,0.32558139534883723,0.5264270613107822,0.2357142857142857,0.5213270142180095,0.44075829383886256,0.15897435897435896,0.19270833333333334,0.15384615384615385,0.39926653125705264,0.17584134615384617,0.15384615384615385,0.3375865840320817
BNP Paribas,2015-06-30,2015-Q2,France,0.32,0.0737,21.25,0.75,0.1685,-0.0164,0.3,0.0021,0.001,0.0005,0.4318181818181818,0.5681818181818182,0.5909090909090909,0.4186046511627907,0.38372093023255816,0.7674418604651163,0.5303030303030303,0.40116279069767447,0.2325581395348837,0.2325581395348837,0.40036997885835096,0.2,0.48104265402843605,0.4146919431279621,0.1794871794871795,0.19270833333333334,0.1333333333333333,0.3652448657187994,0.18609775641025642,0.1333333333333333,0.3071879936808847
BNP Paribas,2015-03-31,2015-Q1,France,-0.01,-0.0018,23.39,0.71,-0.0042,-0.0117,0.31,-0.0024,0.005,0.0005,0.06818181818181818,0.06818181818181818,0.06818181818181818,0.10465116279069768,0.5,1.0,0.06818181818181818,0.3023255813953488,0.0,0.0,0.03409090909090909,0.04285714285714286,0.04265402843601896,0.04265402843601896,0.1076923076923077,0.23177083333333334,0.07692307692307687,0.04272173324306026,0.1697315705128205,0.07692307692307687,0.05978855267954791
BNP Paribas,2014-12-31,2014-Q4,France,0.01,0.0017,21.19,0.72,0.004,0.0021,0.28,0.0028,0.0,0.0005,0.09090909090909091,0.09090909090909091,0.09090909090909091,0.1511627906976744,0.22093023255813954,0.7441860465116279,0.0909090909090909,0.18604651162790697,0.2558139534883721,0.2558139534883721,0.17336152219873152,0.047619047619047616,0.04739336492890995,0.04739336492890995,0.12051282051282051,0.15104166666666666,0.1384615384615384,0.047468592492289165,0.13577724358974358,0.1384615384615384,0.09292745169522418
BNP Paribas,2014-09-30,2014-Q3,France,-0.05,-0.0115,21.6,0.75,-0.0268,-0.0412,0.31,0.004,0.006,0.0005,0.045454545454545456,0.045454545454545456,0.045454545454545456,0.4186046511627907,0.5,0.8837209302325582,0.04545454545454545,0.4593023255813954,0.11627906976744184,0.11627906976744184,0.08086680761099366,0.0380952380952381,0.037914691943127965,0.037914691943127965,0.1794871794871795,0.23177083333333334,0.10769230769230764,0.03797487399383134,0.20562900641025642,0.10769230769230764,0.0728034998177178
BNP Paribas,2014-06-30,2014-Q2,France,-0.06,-0.013,20.6,0.78,-0.0306,-0.0304,0.31,0.0063,0.001,0.0015,0.022727272727272728,0.022727272727272728,0.022727272727272728,0.5813953488372093,0.5,0.6511627906976745,0.022727272727272724,0.5406976744186047,0.34883720930232553,0.34883720930232553,0.18578224101479912,0.03333333333333333,0.03317535545023697,0.03317535545023697,0.2153846153846154,0.23177083333333334,0.15897435897435896,0.03322801474460243,0.22357772435897438,0.15897435897435896,0.09607485721229797
BNP Paribas,2014-03-31,2014-Q1,France,0.27,0.0532,19.12,0.82,0.1262,0.0438,0.31,0.0073,0.0,0.0025,0.1590909090909091,0.13636363636363635,0.13636363636363635,0.872093023255814,0.5,0.18604651162790697,0.14393939393939392,0.686046511627907,0.813953488372093,0.813953488372093,0.4751585623678647,0.11904761904761904,0.17061611374407584,0.21800947867298578,0.28205128205128205,0.23177083333333334,0.2615384615384615,0.16922440382156023,0.2569110576923077,0.2615384615384615,0.21607728764126866
BNP Paribas,2013-12-31,2013-Q4,France,0.26,0.0518,18.75,0.8,0.1234,0.0551,0.3,0.0065,0.007,0.0025,0.11363636363636363,0.11363636363636363,0.11363636363636363,0.6511627906976745,0.38372093023255816,0.09302325581395349,0.11363636363636363,0.5174418604651163,0.9069767441860466,0.9069767441860466,0.510306553911205,0.10952380952380952,0.15639810426540285,0.2132701421800948,0.23076923076923078,0.19270833333333334,0.28205128205128205,0.1597306853231024,0.21173878205128205,0.28205128205128205,0.21922469315834245
BNP Paribas,2013-09-30,2013-Q3,France,0.28,0.0554,18.61,0.77,0.1383,-0.044,0.29,0.0094,-0.001,0.005,0.2159090909090909,0.1590909090909091,0.20454545454545456,0.5465116279069767,0.3023255813953488,0.046511627906976744,0.1931818181818182,0.42441860465116277,0.9534883720930233,0.9534883720930233,0.5562896405919662,0.1357142857142857,0.1848341232227488,0.25118483412322273,0.2076923076923077,0.171875,0.29230769230769227,0.19057774768675242,0.18978365384615387,0.29230769230769227,0.23857090776522055
BNP Paribas,2013-06-30,2013-Q2,France,0.27,0.0555,18.81,0.76,0.136,-0.0214,0.27,0.0081,0.007,0.005,0.1590909090909091,0.18181818181818182,0.1590909090909091,0.4883720930232558,0.11627906976744186,0.11627906976744186,0.16666666666666666,0.3023255813953488,0.8837209302325582,0.8837209302325582,0.53276955602537,0.11904761904761904,0.1895734597156398,0.23222748815165878,0.19487179487179487,0.125,0.27692307692307694,0.1802828556383059,0.15993589743589742,0.27692307692307694,0.23324826831935835
BNP Paribas,2013-03-31,2013-Q1,France,0.27,0.056,19.56,0.73,0.1368,0.2387,0.28,0.0106,0.001,0.0075,0.1590909090909091,0.20454545454545456,0.18181818181818182,0.22093023255813954,0.22093023255813954,0.3488372093023256,0.1818181818181818,0.22093023255813954,0.6511627906976745,0.6511627906976745,0.4278541226215645,0.11904761904761904,0.1943127962085308,0.24170616113744076,0.1358974358974359,0.15104166666666666,0.22564102564102562,0.1850221921311969,0.14346955128205127,0.22564102564102562,0.20997691092477822
BNP Paribas,2012-12-31,2012-Q4,France,0.45,0.0948,19.2,0.73,0.168,-0.1475,0.27,0.0153,-0.001,0.0075,0.9204545454545454,0.8863636363636364,0.5454545454545454,0.22093023255813954,0.11627906976744186,0.23255813953488372,0.7840909090909091,0.1686046511627907,0.7674418604651163,0.7674418604651163,0.8269027484143763,0.3952380952380952,0.7772511848341233,0.4004739336492891,0.1358974358974359,0.125,0.2512820512820513,0.5243210712405025,0.13044871794871793,0.2512820512820513,0.5142666180580873
BNP Paribas,2012-09-30,2012-Q3,France,0.45,0.0993,20.3,1.04,0.1526,0.0083,0.61,0.0198,0.002,0.0075,0.9204545454545454,0.9545454545454546,0.2727272727272727,0.9883720930232558,1.0,0.5813953488372093,0.7159090909090908,0.9941860465116279,0.41860465116279066,0.41860465116279066,0.6865750528541226,0.3952380952380952,0.8293838862559242,0.2938388625592417,0.7692307692307693,0.9479166666666666,0.1743589743589744,0.5061536146844203,0.858573717948718,0.1743589743589744,0.5018714303074493
BNP Paribas,2012-06-30,2012-Q2,France,0.59,0.1324,20.82,1.04,0.1433,-0.1155,0.59,0.02,-0.002,0.01,0.9772727272727273,0.9772727272727273,0.22727272727272727,0.9883720930232558,0.9767441860465116,0.6976744186046512,0.7272727272727272,0.9825581395348837,0.3023255813953488,0.3023255813953488,0.639799154334038,0.5928571428571429,0.9289099526066351,0.26540284360189575,0.7692307692307693,0.9427083333333334,0.14871794871794874,0.5957233130218912,0.8559695512820513,0.14871794871794874,0.538813950662292
BNP Paribas,2012-03-31,2012-Q1,France,0.62,0.1407,,,0.148,,,0.0231,0.0,0.01,1.0,1.0,0.25,,,,0.75,,,,1.0,0.6261904761904762,0.943127962085308,0.2890995260663507,,,,0.6194726547807116,,,0.943127962085308
Crédit Agricole,2024-12-31,2024-Q4,France,1.23,0.0851,26.73,1.82,0.2589,0.026,0.19,0.0127,-0.001,0.0315,0.96875,0.9696969696969697,1.0,0.8823529411764706,0.6,0.5625,0.9794823232323232,0.7411764705882353,0.4375,0.4375,0.7035984848484849,0.95,0.6161137440758294,0.909952606635071,0.958974358974359,0.046875,0.03589743589743588,0.8253554502369669,0.5029246794871796,0.03589743589743588,0.32600558998663265
Crédit Agricole,2024-09-30,2024-Q3,France,1.17,0.0782,,,0.2393,0.0173,,0.0174,0.004,0.0365,0.90625,0.8181818181818182,0.8181818181818182,,,,0.8475378787878789,,,,0.8181818181818182,0.9142857142857143,0.5402843601895735,0.8436018957345972,,,,0.7660573234032949,,,0.5402843601895735
Crédit Agricole,2024-06-30,2024-Q2,France,1.16,0.0776,,,0.2414,0.0071,,0.0221,0.003,0.0425,0.875,0.7878787878787878,0.8484848484848485,,,,0.837121212121212,,,,0.7878787878787878,0.9095238095238095,0.5308056872037915,0.8578199052132701,,,,0.766049800646957,,,0.5308056872037915
Crédit Agricole,2024-03-31,2024-Q1,France,1.21,0.081,,,0.2537,0.0225,,0.0279,0.001,0.045,0.9375,0.8787878787878788,0.9393939393939394,,,,0.9185606060606061,,,,0.8787878787878788,0.9285714285714286,0.5758293838862559,0.8957345971563981,,,,0.8000451365380276,,,0.5758293838862559
Crédit Agricole,2023-12-31,2023-Q4,France,1.08,0.0736,26.39,1.59,0.2311,0.1221,0.21,0.0372,0.004,0.045,0.84375,0.696969696969697,0.7575757575757576,0.6470588235294118,0.6666666666666666,0.5,0.7660984848484849,0.6568627450980392,0.5,0.5,0.5984848484848485,0.8976190476190476,0.47393364928909953,0.7772511848341233,0.9333333333333333,0.0546875,0.04102564102564099,0.7162679605807568,0.4940104166666667,0.04102564102564099,0.25747964515737026
Crédit Agricole,2023-09-30,2023-Q3,France,0.98,0.0684,,,0.2284,0.0242,,0.0468,0.001,0.045,0.734375,0.5454545454545454,0.6666666666666666,,,,0.6488320707070706,,,,0.5454545454545454,0.8547619047619047,0.4146919431279621,0.7582938388625592,,,,0.6759158955841419,,,0.4146919431279621
Crédit Agricole,2023-06-30,2023-Q2,France,0.93,0.0645,,,0.2206,-0.0136,,0.0518,0.005,0.04,0.640625,0.45454545454545453,0.5757575757575758,,,,0.55697601010101,,,,0.45454545454545453,0.8071428571428572,0.3222748815165877,0.7109004739336493,,,,0.613439404197698,,,0.3222748815165877
Crédit Agricole,2023-03-31,2023-Q1,France,0.95,0.0665,,,0.2242,-0.0459,,0.0599,0.002,0.035,0.6875,0.48484848484848486,0.6060606060606061,,,,0.5928030303030303,,,,0.48484848484848486,0.8261904761904761,0.36729857819905215,0.7298578199052133,,,,0.6411156247649138,,,0.36729857819905215
Crédit Agricole,2022-12-31,2022-Q4,France,0.93,0.0683,28.5,1.63,0.2076,0.0375,0.25,0.0607,0.0,0.025,0.640625,0.5151515151515151,0.5151515151515151,0.7647058823529411,0.7333333333333333,0.6875,0.55697601010101,0.7490196078431373,0.3125,0.3125,0.41382575757575757,0.8071428571428572,0.4075829383886256,0.6350710900473934,0.9487179487179487,0.09895833333333333,0.02564102564102566,0.6165989618596254,0.523838141025641,0.02564102564102566,0.21661198201482562
Crédit Agricole,2022-09-30,2022-Q3,France,0.86,0.0628,,,0.2154,-0.0597,,0.0585,0.001,0.0125,0.59375,0.42424242424242425,0.5454545454545454,,,,0.52114898989899,,,,0.42424242424242425,0.7547619047619047,0.2796208530805687,0.6729857819905213,,,,0.5691228466109983,,,0.2796208530805687
Crédit Agricole,2022-06-30,2022-Q2,France,0.98,0.0711,,,0.2293,-0.0333,,0.0529,0.005,0.0,0.734375,0.6060606060606061,0.696969696969697,,,,0.6791351010101009,,,,0.6060606060606061,0.8547619047619047,0.43838862559241704,0.7630331753554502,,,,0.6853945685699241,,,0.43838862559241704
Crédit Agricole,2022-03-31,2022-Q1,France,1.02,0.074,,,0.2306,-0.0063,,0.0365,-0.002,0.0,0.78125,0.7272727272727273,0.7272727272727273,,,,0.7452651515151515,,,,0.7272727272727273,0.8738095238095238,0.4928909952606635,0.7677725118483413,,,,0.7114910103061761,,,0.4928909952606635
Crédit Agricole,2021-12-31,2021-Q4,France,1.06,0.0714,25.96,1.85,0.2391,-0.0334,,0.0272,0.006,0.0,0.8125,0.6363636363636364,0.7878787878787878,0.9411764705882353,,0.4375,0.745580808080808,0.9411764705882353,0.5625,0.5625,0.5994318181818181,0.8809523809523809,0.45023696682464454,0.8388625592417062,0.9692307692307692,,0.0461538461538461,0.7233506356729106,0.9692307692307692,0.0461538461538461,0.24819540648924532
Crédit Agricole,2021-09-30,2021-Q3,France,0.85,0.0544,,,0.1692,0.0259,,0.0173,0.033,0.0,0.5625,0.3939393939393939,0.3939393939393939,,,,0.4501262626262626,,,,0.3939393939393939,0.7476190476190476,0.17772511848341233,0.4265402843601896,,,,0.4506281501542165,,,0.17772511848341233
Crédit Agricole,2021-06-30,2021-Q2,France,0.78,0.0501,,,0.1597,0.0665,,0.0138,0.011,0.0,0.53125,0.36363636363636365,0.3333333333333333,,,,0.4094065656565657,,,,0.36363636363636365,0.7119047619047619,0.14218009478672985,0.35545023696682465,,,,0.4031783645527722,,,0.14218009478672985
Crédit Agricole,2021-03-31,2021-Q1,France,0.62,0.0399,,,0.1357,0.0721,,0.0074,0.001,0.0,0.46875,0.24242424242424243,0.2727272727272727,,,,0.3279671717171717,,,,0.24242424242424243,0.6261904761904762,0.0995260663507109,0.22748815165876776,,,,0.3177348980666516,,,0.0995260663507109
Crédit Agricole,2020-12-31,2020-Q4,France,0.47,0.0316,25.68,1.65,0.1105,-0.3737,,0.0008,-0.009,0.0,0.40625,0.21212121212121213,0.21212121212121213,0.8235294117647058,,0.375,0.2768308080808081,0.8235294117647058,0.625,0.625,0.4185606060606061,0.44761904761904764,0.09004739336492891,0.1943127962085308,0.9538461538461539,,0.05128205128205132,0.24399307906416912,0.9538461538461539,0.05128205128205132,0.07066472232349011
Crédit Agricole,2020-09-30,2020-Q3,France,,0.093,,,0.1946,0.1193,,0.0035,0.183,0.0,,1.0,0.45454545454545453,,,,0.7272727272727273,,,,1.0,,0.7488151658767772,0.5308056872037915,,,,0.6398104265402844,,,0.7488151658767772
Crédit Agricole,2020-06-30,2020-Q2,France,1.36,0.0819,,,0.1918,0.1068,,0.003,-0.135,0.0,1.0,0.9090909090909091,0.42424242424242425,,,,0.7777777777777778,,,,0.9090909090909091,0.9952380952380953,0.5971563981042654,0.5165876777251185,,,,0.702994057022493,,,0.5971563981042654
Crédit Agricole,2020-03-31,2020-Q1,France,0.66,0.0788,,,0.2041,0.1452,,0.012,-0.055,0.0,0.5,0.8484848484848485,0.48484848484848486,,,,0.6111111111111112,,,,0.8484848484848485,0.6595238095238095,0.5450236966824644,0.6161137440758294,,,,0.6068870834273677,,,0.5450236966824644
Crédit Agricole,2019-09-30,2019-Q3,France,0.49,0.0838,,,0.2486,0.1684,,0.0101,0.0,0.0,0.4375,0.9393939393939394,0.8787878787878788,,,,0.7518939393939394,,,,0.9393939393939394,0.49047619047619045,0.6018957345971564,0.8862559241706162,,,,0.6595426164146544,,,0.6018957345971564
Crédit Agricole,2019-06-30,2019-Q2,France,0.32,0.0772,24.28,1.53,0.2545,0.0419,0.11,0.0112,0.007,0.0,0.375,0.7575757575757576,0.9696969696969697,0.47058823529411764,0.43333333333333335,0.1875,0.7007575757575758,0.4519607843137255,0.8125,0.8125,0.7850378787878788,0.2,0.5260663507109005,0.9004739336492891,0.9076923076923077,0.033854166666666664,0.06666666666666665,0.5421800947867298,0.47077323717948716,0.06666666666666665,0.29636650868878356
Crédit Agricole,2018-06-30,2018-Q2,France,0.31,0.073,24.2,1.97,0.2499,0.0418,0.09,0.0189,0.004,0.0,0.34375,0.6666666666666666,0.9090909090909091,1.0,0.3333333333333333,0.125,0.6398358585858586,0.6666666666666666,0.875,0.875,0.7708333333333333,0.18095238095238095,0.46919431279620855,0.8909952606635071,0.9794871794871794,0.026041666666666668,0.07179487179487176,0.5137139848040322,0.502764423076923,0.07179487179487176,0.2704945922955402
Crédit Agricole,2017-06-30,2017-Q2,France,0.28,0.0691,23.13,1.45,0.2279,0.027,0.07,0.0089,0.008,0.0,0.3125,0.5757575757575758,0.6363636363636364,0.35294117647058826,0.26666666666666666,0.0625,0.5082070707070707,0.30980392156862746,0.9375,0.9375,0.7566287878787878,0.1357142857142857,0.4312796208530806,0.7535545023696683,0.8871794871794871,0.020833333333333332,0.08205128205128209,0.4401828029790115,0.45400641025641025,0.08205128205128209,0.25666545145218134
Crédit Agricole,2016-06-30,2016-Q2,France,0.19,0.0484,24.57,1.43,0.1631,-0.0259,0.06,-0.0001,-0.003,0.0,0.28125,0.3333333333333333,0.36363636363636365,0.29411764705882354,0.16666666666666666,0.25,0.3260732323232323,0.2303921568627451,0.75,0.75,0.5416666666666666,0.1,0.12796208530805686,0.3696682464454976,0.882051282051282,0.013020833333333334,0.06153846153846154,0.19921011058451818,0.4475360576923077,0.06153846153846154,0.0947502734232592
Crédit Agricole,2015-09-30,2015-Q3,France,0.15,0.0448,,0.71,0.1406,-0.0274,0.06,0.0008,0.002,0.0005,0.25,0.30303030303030304,0.30303030303030304,0.058823529411764705,0.16666666666666666,,0.2853535353535353,0.11274509803921567,,,0.30303030303030304,0.08095238095238096,0.11374407582938388,0.2559241706161137,0.1076923076923077,0.013020833333333334,,0.15020687579929284,0.060356570512820513,,0.11374407582938388
Crédit Agricole,2015-06-30,2015-Q2,France,0.12,0.0404,25.64,1.47,0.1175,0.0653,0.17,0.0021,0.001,0.0005,0.21875,0.2727272727272727,0.24242424242424243,0.4117647058823529,0.5333333333333333,0.3125,0.24463383838383837,0.4725490196078431,0.6875,0.6875,0.48011363636363635,0.06666666666666667,0.10426540284360189,0.20853080568720378,0.8923076923076924,0.041666666666666664,0.05641025641025643,0.12648762506582412,0.4669871794871795,0.05641025641025643,0.08033782962692916
Crédit Agricole,2014-06-30,2014-Q2,France,-0.15,-0.0501,28.22,1.62,-0.1739,0.0632,0.11,0.0063,0.001,0.0015,0.15625,0.15151515151515152,0.15151515151515152,0.7058823529411765,0.43333333333333335,0.625,0.15309343434343434,0.5696078431372549,0.375,0.375,0.26325757575757575,0.023809523809523808,0.023696682464454975,0.023696682464454975,0.9435897435897436,0.033854166666666664,0.03076923076923077,0.023734296246144582,0.4887219551282051,0.03076923076923077,0.02723295661684287
Crédit Agricole,2013-06-30,2013-Q2,France,-0.3,-0.1201,38.09,1.57,-0.3708,-0.0203,1.45,0.0081,0.007,0.005,0.125,0.12121212121212122,0.09090909090909091,0.5588235294117647,1.0,0.8125,0.11237373737373739,0.7794117647058824,0.1875,0.1875,0.1543560606060606,0.01904761904761905,0.018957345971563982,0.014218009478672985,0.9256410256410257,0.9739583333333334,0.01538461538461533,0.017407658165952005,0.9497996794871795,0.01538461538461533,0.017170980678089656
Crédit Agricole,2013-03-31,2013-Q1,France,-0.33,-0.1311,39.52,1.04,-0.4023,-0.0955,0.03,0.0106,0.001,0.0075,0.0625,0.06060606060606061,0.030303030303030304,0.23529411764705882,0.06666666666666667,0.9375,0.05113636363636364,0.15098039215686274,0.0625,0.0625,0.061553030303030304,0.009523809523809525,0.009478672985781991,0.004739336492890996,0.7692307692307693,0.005208333333333333,0.00512820512820511,0.007913939667494171,0.3872195512820513,0.00512820512820511,0.007303439056993551
Crédit Agricole,2012-12-31,2012-Q4,France,-0.35,-0.1413,39.73,1.57,-0.3772,-0.1014,1.37,0.0153,-0.001,0.0075,0.03125,0.030303030303030304,0.06060606060606061,0.5588235294117647,0.9333333333333333,1.0,0.04071969696969697,0.746078431372549,0.0,0.0,0.015151515151515152,0.004761904761904762,0.004739336492890996,0.009478672985781991,0.9256410256410257,0.9635416666666666,0.0,0.006326638080192583,0.9445913461538462,0.0,0.002369668246445498
Crédit Agricole,2012-09-30,2012-Q3,France,-0.31,-0.1204,38.24,1.0,-0.3039,0.1614,0.42,0.0198,0.002,0.0075,0.09375,0.09090909090909091,0.12121212121212122,0.11764705882352941,0.8,0.875,0.10195707070707072,0.45882352941176474,0.125,0.125,0.10795454545454546,0.014285714285714285,0.014218009478672985,0.018957345971563982,0.6820512820512821,0.6171875,0.01025641025641022,0.015820356578650416,0.649619391025641,0.01025641025641022,0.012237209867541603
Crédit Agricole,2012-03-31,2012-Q1,France,-0.14,-0.0358,32.59,1.03,-0.1154,,0.46,0.0231,0.0,0.01,0.1875,0.18181818181818182,0.18181818181818182,0.17647058823529413,0.8666666666666667,0.75,0.18371212121212122,0.5215686274509804,0.25,0.25,0.2159090909090909,0.02857142857142857,0.02843601895734597,0.02843601895734597,0.7461538461538462,0.703125,0.02051282051282055,0.028481155495373504,0.7246394230769231,0.02051282051282055,0.024474419735083262
HSBC,2024-12-31,2024-Q4,UK,,,14.69,,,0.0193,0.45,0.034,0.001,0.0475,,,,,0.9305555555555556,0.9459459459459459,,0.9305555555555556,0.05405405405405406,0.05405405405405406,0.05405405405405406,,,,,0.6666666666666666,0.4,,0.6666666666666666,0.4,0.4
HSBC,2024-09-30,2024-Q3,UK,0.73,0.1127,14.49,0.96,0.723,-0.2254,0.46,0.0293,0.0,0.05,0.9444444444444444,0.9722222222222222,0.9722222222222222,0.8055555555555556,0.9861111111111112,0.8918918918918919,0.9629629629629629,0.8958333333333334,0.10810810810810811,0.10810810810810811,0.5401651651651651,0.6904761904761905,0.8862559241706162,0.995260663507109,0.6102564102564103,0.703125,0.41025641025641024,0.8573309260513051,0.6566907051282052,0.41025641025641024,0.6482561672135132
HSBC,2024-06-30,2024-Q2,UK,,,14.62,0.89,,,,0.0287,0.005,0.0525,,,,0.05555555555555555,,0.918918918918919,,0.05555555555555555,0.08108108108108103,0.08108108108108103,0.08108108108108103,,,,0.37948717948717947,,0.40512820512820513,,0.37948717948717947,0.40512820512820513,0.40512820512820513
HSBC,2024-03-31,2024-Q1,UK,0.94,0.1458,14.13,0.96,0.7728,0.7146,0.46,0.0393,0.009,0.0525,1.0,1.0,1.0,0.8055555555555556,0.9861111111111112,0.7567567567567568,1.0,0.8958333333333334,0.2432432432432432,0.2432432432432432,0.6216216216216216,0.8166666666666667,0.95260663507109,1.0,0.6102564102564103,0.703125,0.45128205128205123,0.9230911005792523,0.6566907051282052,0.45128205128205123,0.7019443431765706
HSBC,2023-09-30,2023-Q3,UK,0.69,0.1064,14.91,0.95,0.6896,-0.3717,0.44,0.0633,-0.001,0.0525,0.8888888888888888,0.9444444444444444,0.9444444444444444,0.5138888888888888,0.8888888888888888,0.972972972972973,0.9259259259259259,0.7013888888888888,0.027027027027026973,0.027027027027026973,0.4857357357357357,0.6714285714285714,0.8578199052132701,0.990521327014218,0.5384615384615384,0.6510416666666666,0.3897435897435897,0.8399232678853532,0.5947516025641025,0.3897435897435897,0.62378174747843
HSBC,2023-03-31,2023-Q1,UK,0.62,0.0937,14.14,0.98,0.6504,1.9248,0.45,0.0897,0.001,0.0425,0.7638888888888888,0.8611111111111112,0.9166666666666666,1.0,0.9305555555555556,0.7972972972972973,0.8472222222222222,0.9652777777777778,0.20270270270270274,0.20270270270270274,0.5319069069069069,0.6261904761904762,0.7654028436018957,0.985781990521327,0.6641025641025641,0.6666666666666666,0.44358974358974357,0.792458436771233,0.6653846153846154,0.44358974358974357,0.6044962935958196
HSBC,2022-09-30,2022-Q3,UK,0.41,0.0605,15.09,0.96,0.5064,-0.3703,0.42,0.0873,-0.001,0.0225,0.2916666666666667,0.3055555555555556,0.8888888888888888,0.8055555555555556,0.8055555555555556,1.0,0.4953703703703704,0.8055555555555556,0.0,0.0,0.1527777777777778,0.3380952380952381,0.24170616113744076,0.981042654028436,0.6102564102564103,0.6171875,0.3846153846153846,0.5202813510870383,0.6137219551282052,0.3846153846153846,0.31316077287641264
HSBC,2022-03-31,2022-Q1,UK,0.39,0.0563,13.76,0.95,0.4539,0.0593,0.42,0.0553,0.008,0.0075,0.25,0.2777777777777778,0.8611111111111112,0.5138888888888888,0.8055555555555556,0.7162162162162162,0.46296296296296297,0.6597222222222222,0.28378378378378377,0.28378378378378377,0.2807807807807808,0.32142857142857145,0.2037914691943128,0.976303317535545,0.5384615384615384,0.6171875,0.46923076923076923,0.5005077860528098,0.5778245192307692,0.46923076923076923,0.336511119212541
HSBC,2021-09-30,2021-Q3,UK,0.36,0.052,13.36,0.97,0.4156,-0.1677,0.43,0.0267,0.009,0.001,0.20833333333333334,0.2222222222222222,0.8333333333333334,0.9583333333333334,0.8611111111111112,0.5405405405405406,0.4212962962962963,0.9097222222222223,0.45945945945945943,0.45945945945945943,0.3408408408408408,0.28095238095238095,0.16113744075829384,0.9715639810426541,0.6512820512820513,0.6380208333333334,0.5128205128205128,0.4712179342511096,0.6446514423076923,0.5128205128205128,0.3369789767894033
HSBC,2021-03-31,2021-Q1,UK,0.35,0.0497,13.24,0.96,0.3904,0.3499,0.42,0.0087,-0.01,0.001,0.16666666666666666,0.16666666666666666,0.7777777777777778,0.8055555555555556,0.8055555555555556,0.4864864864864865,0.3703703703703704,0.8055555555555556,0.5135135135135135,0.5135135135135135,0.34009009009009006,0.25476190476190474,0.13270142180094788,0.9620853080568721,0.6102564102564103,0.6171875,0.523076923076923,0.4498495448732416,0.6137219551282052,0.523076923076923,0.32788917243893545
HSBC,2020-09-30,2020-Q3,UK,0.36,0.0517,13.76,0.94,0.4065,-0.1609,0.38,0.0077,0.168,0.001,0.20833333333333334,0.19444444444444445,0.8055555555555556,0.3055555555555556,0.6666666666666666,0.7162162162162162,0.40277777777777785,0.4861111111111111,0.28378378378378377,0.28378378378378377,0.2391141141141141,0.28095238095238095,0.15165876777251186,0.966824644549763,0.4897435897435897,0.53125,0.46923076923076923,0.4664785977582186,0.5104967948717949,0.46923076923076923,0.31044476850164054
HSBC,2020-03-31,2020-Q1,UK,0.47,0.0651,13.72,0.95,0.3744,0.0311,0.35,0.0167,-0.027,0.001,0.3333333333333333,0.3611111111111111,0.75,0.5138888888888888,0.375,0.6756756756756757,0.48148148148148145,0.4444444444444444,0.32432432432432434,0.32432432432432434,0.34271771771771775,0.44761904761904764,0.34834123222748814,0.95260663507109,0.5384615384615384,0.4192708333333333,0.4769230769230769,0.5828556383058753,0.4788661858974359,0.4769230769230769,0.4126321545752825
HSBC,2019-09-30,2019-Q3,UK,0.53,0.0713,12.79,0.95,0.3357,-0.0959,0.36,0.018,0.007,0.0075,0.5,0.4722222222222222,0.7222222222222222,0.5138888888888888,0.4861111111111111,0.40540540540540543,0.5648148148148148,0.5,0.5945945945945945,0.5945945945945945,0.5334084084084083,0.5380952380952381,0.44549763033175355,0.9383886255924171,0.5384615384615384,0.4557291666666667,0.5692307692307692,0.6406604980064695,0.49709535256410253,0.5692307692307692,0.5073641997812613
HSBC,2019-03-31,2019-Q1,UK,0.54,0.0711,12.54,0.97,0.2856,-0.516,0.38,0.018,0.007,0.0075,0.5277777777777778,0.4444444444444444,0.6944444444444444,0.9583333333333334,0.6666666666666666,0.3783783783783784,0.5555555555555555,0.8125,0.6216216216216216,0.6216216216216216,0.5330330330330331,0.5428571428571428,0.43838862559241704,0.919431279620853,0.6512820512820513,0.53125,0.6102564102564103,0.633559016023471,0.5912660256410256,0.6102564102564103,0.5243225179244136
HSBC,2018-09-30,2018-Q3,UK,0.51,0.0669,12.47,0.96,0.2341,0.0061,0.37,0.023,0.003,0.0075,0.4444444444444444,0.4166666666666667,0.5277777777777778,0.8055555555555556,0.5694444444444444,0.32432432432432434,0.46296296296296297,0.6875,0.6756756756756757,0.6756756756756757,0.5461711711711712,0.5142857142857142,0.3744075829383886,0.8033175355450237,0.6102564102564103,0.4895833333333333,0.6307692307692307,0.5640036109230422,0.5499198717948718,0.6307692307692307,0.5025884068538097
HSBC,2018-03-31,2018-Q1,UK,0.18,0.0238,12.03,0.96,0.0901,0.051,0.39,0.025,0.001,0.005,0.125,0.1388888888888889,0.1388888888888889,0.8055555555555556,0.75,0.21621621621621623,0.13425925925925927,0.7777777777777778,0.7837837837837838,0.7837837837837838,0.4613363363363363,0.09285714285714286,0.08056872037914692,0.12796208530805686,0.6102564102564103,0.5677083333333334,0.7025641025641025,0.10046264951478222,0.5889823717948719,0.7025641025641025,0.39156641147162474
HSBC,2017-09-30,2017-Q3,UK,0.04,0.0047,11.71,0.94,0.019,0.0066,0.38,0.027,0.006,0.0025,0.05555555555555555,0.05555555555555555,0.05555555555555555,0.3055555555555556,0.6666666666666666,0.08108108108108109,0.05555555555555555,0.4861111111111111,0.9189189189189189,0.9189189189189189,0.4872372372372372,0.05714285714285714,0.05687203791469194,0.05687203791469194,0.4897435897435897,0.53125,0.7538461538461538,0.05696231099074701,0.5104967948717949,0.7538461538461538,0.4053590958804229
HSBC,2017-03-31,2017-Q1,UK,0.02,0.0028,11.99,0.92,0.0112,0.4264,0.37,0.0217,0.008,0.0025,0.027777777777777776,0.027777777777777776,0.027777777777777776,0.18055555555555555,0.5694444444444444,0.16216216216216217,0.027777777777777776,0.375,0.8378378378378378,0.8378378378378378,0.4328078078078078,0.05238095238095238,0.052132701421800945,0.052132701421800945,0.4461538461538462,0.4895833333333333,0.717948717948718,0.05221545174151809,0.46786858974358975,0.717948717948718,0.38504070968525944
HSBC,2016-12-31,2016-Q4,UK,0.05,0.0067,12.01,0.88,0.0258,-0.064,0.32,0.0153,0.006,0.0025,0.08333333333333333,0.08333333333333333,0.08333333333333333,0.027777777777777776,0.1111111111111111,0.1891891891891892,0.08333333333333333,0.06944444444444445,0.8108108108108107,0.8108108108108107,0.44707207207207206,0.06190476190476191,0.061611374407582936,0.061611374407582936,0.36153846153846153,0.2838541666666667,0.7102564102564102,0.06170917023997593,0.3226963141025641,0.7102564102564102,0.38593389233199654
HSBC,2016-09-30,2016-Q3,UK,0.18,0.023,12.09,0.91,0.0857,-0.3325,0.36,0.0107,0.004,0.0025,0.125,0.1111111111111111,0.1111111111111111,0.1111111111111111,0.4861111111111111,0.24324324324324326,0.11574074074074074,0.2986111111111111,0.7567567567567568,0.7567567567567568,0.433933933933934,0.09285714285714286,0.07582938388625593,0.0995260663507109,0.4153846153846154,0.4557291666666667,0.6923076923076923,0.08940419769803658,0.43555689102564105,0.6923076923076923,0.3840685380969741
HSBC,2016-06-30,2016-Q2,UK,0.41,0.0522,12.15,0.91,0.1769,-0.0228,0.35,0.0073,0.006,0.005,0.2916666666666667,0.25,0.16666666666666666,0.1111111111111111,0.375,0.2702702702702703,0.23611111111111113,0.24305555555555555,0.7297297297297297,0.7297297297297297,0.48986486486486486,0.3380952380952381,0.16587677725118483,0.46445497630331756,0.4153846153846154,0.4192708333333333,0.6692307692307693,0.32280899721658013,0.41732772435897436,0.6692307692307693,0.4175537732409771
HSBC,2016-03-31,2016-Q1,UK,0.48,0.0607,11.96,0.93,0.1979,0.2598,0.34,0.0067,0.004,0.005,0.3888888888888889,0.3333333333333333,0.2777777777777778,0.2361111111111111,0.2638888888888889,0.13513513513513514,0.3333333333333333,0.25,0.8648648648648649,0.8648648648648649,0.5990990990990991,0.46904761904761905,0.25355450236966826,0.5734597156398105,0.46923076923076923,0.3697916666666667,0.7256410256410256,0.43202061235236594,0.41951121794871793,0.7256410256410256,0.48959776400534694
HSBC,2015-12-31,2015-Q4,UK,0.72,0.0901,11.2,0.91,0.2169,-0.2185,0.3,0.0037,0.006,0.005,0.9166666666666666,0.8055555555555556,0.4166666666666667,0.1111111111111111,0.027777777777777776,0.02702702702702703,0.7129629629629629,0.06944444444444445,0.972972972972973,0.972972972972973,0.8892642642642643,0.6833333333333333,0.6966824644549763,0.6824644549763034,0.4153846153846154,0.19270833333333334,0.7897435897435897,0.6874934175882044,0.30404647435897436,0.7897435897435897,0.7432130270992829
HSBC,2015-09-30,2015-Q3,UK,0.76,0.0981,11.65,0.95,0.2278,-0.1128,0.34,0.0037,0.004,0.005,0.9722222222222222,0.8888888888888888,0.4444444444444444,0.5138888888888888,0.2638888888888889,0.05405405405405406,0.7685185185185185,0.38888888888888884,0.9459459459459459,0.9459459459459459,0.9174174174174174,0.7,0.8151658767772512,0.7488151658767772,0.5384615384615384,0.3697916666666667,0.7589743589743589,0.7546603475513427,0.45412660256410253,0.7589743589743589,0.787070117875805
HSBC,2015-06-30,2015-Q2,UK,0.65,0.0861,11.77,0.96,0.198,0.0793,0.35,0.0033,0.006,0.005,0.8194444444444444,0.6388888888888888,0.3055555555555556,0.8055555555555556,0.375,0.10810810810810811,0.5879629629629629,0.5902777777777778,0.8918918918918919,0.8918918918918919,0.7653903903903904,0.65,0.6208530805687204,0.5781990521327014,0.6102564102564103,0.4192708333333333,0.7435897435897436,0.6163507109004739,0.5147636217948718,0.7435897435897436,0.682221412079232
HSBC,2015-03-31,2015-Q1,UK,0.65,0.0876,,,0.2063,0.1076,,0.004,0.003,0.005,0.8194444444444444,0.75,0.3888888888888889,,,,0.6527777777777778,,,,0.75,0.65,0.6445497630331753,0.6303317535545023,,,,0.6416271721958925,,,0.6445497630331753
HSBC,2014-12-31,2014-Q4,UK,0.48,0.0661,12.17,0.93,0.2056,-0.0964,0.34,0.0103,0.007,0.005,0.3888888888888889,0.3888888888888889,0.3611111111111111,0.2361111111111111,0.2638888888888889,0.2972972972972973,0.3796296296296296,0.25,0.7027027027027026,0.7027027027027026,0.5457957957957957,0.46904761904761905,0.35545023696682465,0.6208530805687204,0.46923076923076923,0.3697916666666667,0.6615384615384615,0.48178364552772135,0.41951121794871793,0.6615384615384615,0.508494349252643
HSBC,2014-09-30,2014-Q3,UK,0.58,0.0811,12.5,0.95,0.2461,0.028,0.36,0.0147,0.008,0.005,0.6388888888888888,0.5833333333333334,0.6666666666666666,0.5138888888888888,0.4861111111111111,0.35135135135135137,0.6296296296296297,0.5,0.6486486486486487,0.6486486486486487,0.6159909909909911,0.580952380952381,0.5829383886255924,0.8815165876777251,0.5384615384615384,0.4557291666666667,0.6230769230769231,0.6818024524185663,0.49709535256410253,0.6230769230769231,0.6030076558512578
HSBC,2014-06-30,2014-Q2,UK,0.57,0.0815,12.86,0.95,0.2454,-0.0257,0.36,0.0167,0.009,0.005,0.6111111111111112,0.6111111111111112,0.6388888888888888,0.5138888888888888,0.4861111111111111,0.43243243243243246,0.6203703703703703,0.5,0.5675675675675675,0.5675675675675675,0.5893393393393394,0.5738095238095238,0.5876777251184834,0.8767772511848341,0.5384615384615384,0.4557291666666667,0.5564102564102564,0.6794215000376137,0.49709535256410253,0.5564102564102564,0.57204399076437
HSBC,2014-03-31,2014-Q1,UK,0.56,0.08,13.33,0.95,0.2337,0.0484,0.38,0.0163,0.008,0.005,0.5833333333333334,0.5555555555555556,0.5,0.5138888888888888,0.6666666666666666,0.5135135135135135,0.5462962962962963,0.5902777777777777,0.4864864864864865,0.4864864864864865,0.5210210210210211,0.5619047619047619,0.5639810426540285,0.7938388625592417,0.5384615384615384,0.53125,0.5179487179487179,0.6399082223726774,0.5348557692307692,0.5179487179487179,0.5409648803013731
HSBC,2013-12-31,2013-Q4,UK,0.6,0.0871,13.03,0.92,0.242,-0.0019,0.35,0.0193,0.007,0.005,0.7222222222222222,0.6805555555555556,0.6111111111111112,0.18055555555555555,0.375,0.4594594594594595,0.6712962962962963,0.2777777777777778,0.5405405405405406,0.5405405405405406,0.6105480480480481,0.6095238095238096,0.6327014218009479,0.8625592417061612,0.4461538461538462,0.4192708333333333,0.5435897435897437,0.7015948243436396,0.43271233974358975,0.5435897435897437,0.5881455826953458
HSBC,2013-09-30,2013-Q3,UK,0.62,0.09,13.51,0.96,0.2404,-0.0557,0.34,0.0243,0.008,0.005,0.7638888888888888,0.7777777777777778,0.5555555555555556,0.8055555555555556,0.2638888888888889,0.581081081081081,0.6990740740740741,0.5347222222222222,0.41891891891891897,0.41891891891891897,0.5983483483483484,0.6261904761904762,0.6895734597156398,0.8483412322274881,0.6102564102564103,0.3697916666666667,0.5051282051282051,0.7213683893778681,0.4900240384615385,0.5051282051282051,0.5973508324219224
HSBC,2013-06-30,2013-Q2,UK,0.59,0.0871,13.51,0.95,0.2309,-0.1223,0.38,0.024,0.007,0.005,0.6805555555555556,0.6805555555555556,0.4722222222222222,0.5138888888888888,0.6666666666666666,0.581081081081081,0.6111111111111112,0.5902777777777777,0.41891891891891897,0.41891891891891897,0.5497372372372373,0.5928571428571429,0.6327014218009479,0.7725118483412322,0.5384615384615384,0.53125,0.5051282051282051,0.6660234709997743,0.5348557692307692,0.5051282051282051,0.5689148134645765
HSBC,2013-03-31,2013-Q1,UK,0.66,0.0988,13.59,0.95,0.2412,0.0727,0.33,0.0247,0.003,0.005,0.8611111111111112,0.9166666666666666,0.5833333333333334,0.5138888888888888,0.19444444444444445,0.6216216216216216,0.7870370370370371,0.35416666666666663,0.3783783783783784,0.3783783783783784,0.6475225225225225,0.6595238095238095,0.8246445497630331,0.8530805687203792,0.5384615384615384,0.3255208333333333,0.49230769230769234,0.7790829760024073,0.4319911858974359,0.49230769230769234,0.6584761210353627
HSBC,2012-12-31,2012-Q4,UK,0.52,0.0793,13.7,0.94,0.1951,0.1413,0.32,0.024,-0.001,0.005,0.4722222222222222,0.5277777777777778,0.2222222222222222,0.3055555555555556,0.1111111111111111,0.6486486486486487,0.40740740740740744,0.20833333333333334,0.3513513513513513,0.3513513513513513,0.43956456456456455,0.5285714285714286,0.5545023696682464,0.5402843601895735,0.4897435897435897,0.2838541666666667,0.482051282051282,0.5411193861430829,0.3867988782051282,0.482051282051282,0.5182768258597642
HSBC,2012-09-30,2012-Q3,UK,0.48,0.0737,14.14,0.95,0.1777,-0.2866,0.32,0.0227,0.01,0.005,0.3888888888888889,0.5,0.19444444444444445,0.5138888888888888,0.1111111111111111,0.7972972972972973,0.3611111111111111,0.3125,0.20270270270270274,0.20270270270270274,0.35135135135135137,0.46904761904761905,0.48104265402843605,0.46919431279620855,0.5384615384615384,0.2838541666666667,0.44358974358974357,0.4730948619574212,0.41115785256410253,0.44358974358974357,0.4623161988090898
HSBC,2012-06-30,2012-Q2,UK,0.59,0.0913,14.26,0.96,0.2005,0.2733,0.32,0.0253,-0.001,0.005,0.6805555555555556,0.8333333333333334,0.3333333333333333,0.8055555555555556,0.1111111111111111,0.8378378378378378,0.6157407407407407,0.45833333333333337,0.16216216216216217,0.16216216216216217,0.49774774774774777,0.5928571428571429,0.7156398104265402,0.5924170616113744,0.6102564102564103,0.2838541666666667,0.4256410256410257,0.6336380049650191,0.4470552884615385,0.4256410256410257,0.570640418033783
HSBC,2012-03-31,2012-Q1,UK,0.55,0.0874,14.41,0.95,0.1956,0.0195,0.32,0.0313,0.009,0.005,0.5555555555555556,0.7222222222222222,0.25,0.5138888888888888,0.1111111111111111,0.8648648648648649,0.5092592592592592,0.3125,0.1351351351351351,0.1351351351351351,0.42867867867867865,0.55,0.6398104265402843,0.5450236966824644,0.5384615384615384,0.2838541666666667,0.42051282051282046,0.5782780410742496,0.41115785256410253,0.42051282051282046,0.5301616235265524
JP Morgan Chase,2024-12-31,2024-Q4,USA,1.38,0.1663,10.61,0.88,0.2039,0.0285,0.43,0.0275,0.0119,0.0465,1.0,0.9807692307692307,0.4230769230769231,0.23076923076923078,0.038461538461538464,0.5384615384615384,0.8012820512820512,0.13461538461538464,0.46153846153846156,0.46153846153846156,0.7211538461538461,1.0,0.995260663507109,0.6113744075829384,0.36153846153846153,0.6380208333333334,0.8564102564102565,0.8688783570300158,0.4997796474358974,0.8564102564102565,0.9258354599586827
JP Morgan Chase,2024-09-30,2024-Q3,USA,1.28,0.1542,11.17,0.89,0.1901,-0.0385,0.47,0.0262,0.0123,0.0526,0.9038461538461539,0.8846153846153846,0.21153846153846154,0.27884615384615385,0.2692307692307692,0.7596153846153846,0.6666666666666666,0.27403846153846156,0.24038461538461542,0.24038461538461542,0.5625,0.9714285714285714,0.9715639810426541,0.5071090047393365,0.37948717948717947,0.7395833333333334,0.7974358974358975,0.8167005190701874,0.5595352564102565,0.7974358974358975,0.8844999392392758
JP Morgan Chase,2024-06-30,2024-Q2,USA,1.3,0.1579,11.17,0.91,0.1964,-0.083,0.49,0.032,0.0137,0.0533,0.9326923076923077,0.9038461538461539,0.2692307692307692,0.375,0.4326923076923077,0.7596153846153846,0.701923076923077,0.40384615384615385,0.24038461538461542,0.24038461538461542,0.5721153846153846,0.9785714285714285,0.976303317535545,0.5545023696682464,0.4153846153846154,0.7838541666666666,0.7974358974358975,0.83645903859174,0.599619391025641,0.7974358974358975,0.8868696074857212
JP Morgan Chase,2024-03-31,2024-Q1,USA,1.23,0.1499,11.15,0.92,0.1932,0.146,0.49,0.0324,0.0116,0.0533,0.8269230769230769,0.8269230769230769,0.23076923076923078,0.4423076923076923,0.4326923076923077,0.7211538461538461,0.6282051282051282,0.4375,0.27884615384615385,0.27884615384615385,0.5528846153846154,0.95,0.957345971563981,0.5260663507109005,0.4461538461538462,0.7838541666666666,0.8076923076923077,0.8111374407582939,0.6150040064102564,0.8076923076923077,0.8825191396281444
JP Morgan Chase,2023-12-31,2023-Q4,USA,1.24,0.1515,10.82,0.91,0.1995,0.0708,0.46,0.0324,0.0118,0.0533,0.8461538461538461,0.8461538461538461,0.34615384615384615,0.375,0.16346153846153846,0.5961538461538461,0.6794871794871794,0.2692307692307692,0.40384615384615385,0.40384615384615385,0.625,0.9571428571428572,0.9620853080568721,0.5876777251184834,0.4153846153846154,0.703125,0.841025641025641,0.8356352967727375,0.5592548076923077,0.841025641025641,0.9015554745412566
JP Morgan Chase,2023-09-30,2023-Q3,USA,1.3,0.1615,11.28,0.9,0.22,0.0033,0.46,0.0352,0.0187,0.0526,0.9326923076923077,0.9230769230769231,0.6153846153846154,0.3173076923076923,0.16346153846153846,0.8076923076923077,0.8237179487179488,0.24038461538461536,0.1923076923076923,0.1923076923076923,0.5576923076923077,0.9785714285714285,0.981042654028436,0.7014218009478673,0.3923076923076923,0.703125,0.7794871794871795,0.8870119611825773,0.5477163461538461,0.7794871794871795,0.8802649167578078
JP Morgan Chase,2023-06-30,2023-Q2,USA,1.22,0.154,11.38,0.9,0.2257,0.0087,0.46,0.0398,0.0107,0.0499,0.7884615384615384,0.8653846153846154,0.7307692307692307,0.3173076923076923,0.16346153846153846,0.8461538461538461,0.7948717948717948,0.24038461538461536,0.15384615384615385,0.15384615384615385,0.5096153846153846,0.9380952380952381,0.966824644549763,0.7393364928909952,0.3923076923076923,0.703125,0.7692307692307692,0.8814187918453321,0.5477163461538461,0.7692307692307692,0.8680277068902661
JP Morgan Chase,2023-03-31,2023-Q1,USA,1.07,0.1376,11.35,0.85,0.2272,0.1195,0.46,0.0581,0.0161,0.0452,0.6634615384615384,0.7692307692307693,0.75,0.14423076923076922,0.16346153846153846,0.8269230769230769,0.7275641025641025,0.15384615384615385,0.17307692307692313,0.17307692307692313,0.4711538461538462,0.888095238095238,0.933649289099526,0.7440758293838863,0.33076923076923076,0.703125,0.7743589743589744,0.8552734521928835,0.5169471153846154,0.7743589743589744,0.8540041317292502
JP Morgan Chase,2022-12-31,2022-Q4,USA,0.94,0.1246,11.54,0.84,0.2319,0.1526,0.44,0.071,0.0176,0.0365,0.4807692307692308,0.6730769230769231,0.7692307692307693,0.09615384615384616,0.057692307692307696,0.8653846153846154,0.6410256410256411,0.07692307692307693,0.13461538461538458,0.13461538461538458,0.40384615384615385,0.8166666666666667,0.9052132701421801,0.7819905213270142,0.3128205128205128,0.6510416666666666,0.764102564102564,0.8346234860452869,0.4819310897435897,0.764102564102564,0.834657917122372
JP Morgan Chase,2022-09-30,2022-Q3,USA,0.92,0.1221,12.1,0.84,0.2551,0.1617,0.46,0.0833,0.0181,0.0219,0.41346153846153844,0.6538461538461539,0.8846153846153846,0.09615384615384616,0.16346153846153846,0.9423076923076923,0.6506410256410257,0.12980769230769232,0.05769230769230771,0.05769230769230771,0.3557692307692308,0.7880952380952381,0.9004739336492891,0.9052132701421801,0.3128205128205128,0.703125,0.6871794871794872,0.864594147295569,0.5079727564102564,0.6871794871794872,0.7938267104143881
JP Morgan Chase,2022-06-30,2022-Q2,USA,0.97,0.1287,12.42,0.83,0.2899,0.1921,0.45,0.0863,0.0234,0.0077,0.5576923076923077,0.7307692307692307,0.9038461538461539,0.04807692307692308,0.07692307692307693,0.9807692307692307,0.7307692307692307,0.0625,0.019230769230769273,0.019230769230769273,0.375,0.8428571428571429,0.919431279620853,0.9241706161137441,0.3,0.6666666666666666,0.6384615384615384,0.8954863461972468,0.4833333333333333,0.6384615384615384,0.7789464090411957
JP Morgan Chase,2022-03-31,2022-Q1,USA,1.07,0.1401,12.83,0.82,0.3217,0.0585,0.47,0.0796,0.0177,0.0012,0.6634615384615384,0.7884615384615384,0.9423076923076923,0.019230769230769232,0.2692307692307692,1.0,0.798076923076923,0.14423076923076922,0.0,0.0,0.3942307692307692,0.888095238095238,0.9383886255924171,0.933649289099526,0.28205128205128205,0.7395833333333334,0.5641025641025641,0.9200443842623938,0.5108173076923077,0.5641025641025641,0.7512455948474905
JP Morgan Chase,2021-12-31,2021-Q4,USA,1.25,0.1616,11.73,0.83,0.3656,0.0543,0.46,0.0669,0.0357,0.0008,0.8653846153846154,0.9423076923076923,0.9807692307692307,0.04807692307692308,0.16346153846153846,0.8846153846153846,0.9294871794871794,0.10576923076923077,0.11538461538461542,0.11538461538461542,0.5288461538461539,0.9619047619047619,0.985781990521327,0.9478672985781991,0.3,0.703125,0.7487179487179487,0.9651846836680961,0.5015625,0.7487179487179487,0.8672499696196379
JP Morgan Chase,2021-09-30,2021-Q3,USA,1.33,0.1699,11.96,0.86,0.3797,-0.012,0.49,0.0534,0.0237,0.0009,0.9807692307692307,1.0,1.0,0.18269230769230768,0.4326923076923077,0.9230769230769231,0.9935897435897436,0.3076923076923077,0.07692307692307687,0.07692307692307687,0.5384615384615384,0.9904761904761905,1.0,0.957345971563981,0.34615384615384615,0.7838541666666666,0.7256410256410256,0.9826073873467238,0.5650040064102564,0.7256410256410256,0.8628205128205129
JP Morgan Chase,2021-06-30,2021-Q2,USA,1.32,0.1649,11.87,0.85,0.3625,-0.0247,0.48,0.0485,0.0314,0.0007,0.9615384615384616,0.9615384615384616,0.9615384615384616,0.14423076923076922,0.3173076923076923,0.9038461538461539,0.9615384615384616,0.23076923076923075,0.09615384615384615,0.09615384615384615,0.5288461538461539,0.9857142857142858,0.990521327014218,0.943127962085308,0.33076923076923076,0.7526041666666666,0.7384615384615385,0.973121191604604,0.5416866987179487,0.7384615384615385,0.8644914327378783
JP Morgan Chase,2021-03-31,2021-Q1,USA,1.15,0.1418,12.14,0.84,0.2974,-0.054,0.49,0.019,0.0266,0.0008,0.7115384615384616,0.8076923076923077,0.9230769230769231,0.09615384615384616,0.4326923076923077,0.9615384615384616,0.8141025641025642,0.2644230769230769,0.038461538461538436,0.038461538461538436,0.4230769230769231,0.9047619047619048,0.9478672985781991,0.9289099526066351,0.3128205128205128,0.7838541666666666,0.6794871794871795,0.9271797186489129,0.5483373397435898,0.6794871794871795,0.8136772390326893
JP Morgan Chase,2020-12-31,2020-Q4,USA,0.84,0.1019,11.12,0.86,0.211,0.0986,0.47,0.0124,0.0177,0.0009,0.2692307692307692,0.5192307692307693,0.5,0.18269230769230768,0.2692307692307692,0.6923076923076923,0.4294871794871795,0.22596153846153844,0.3076923076923077,0.3076923076923077,0.4134615384615385,0.7428571428571429,0.8436018957345972,0.6540284360189573,0.34615384615384615,0.7395833333333334,0.8153846153846154,0.7468291582035658,0.5428685897435898,0.8153846153846154,0.8294932555596063
JP Morgan Chase,2020-09-30,2020-Q3,USA,0.77,0.09,10.97,0.88,0.1782,-0.0102,0.49,0.0122,0.0877,0.0009,0.1346153846153846,0.25,0.17307692307692307,0.23076923076923078,0.4326923076923077,0.6538461538461539,0.1858974358974359,0.3317307692307693,0.34615384615384615,0.34615384615384615,0.2980769230769231,0.7047619047619048,0.6895734597156398,0.47393364928909953,0.36153846153846153,0.7838541666666666,0.8256410256410256,0.6227563379222146,0.572696314102564,0.8256410256410256,0.7576072426783327
JP Morgan Chase,2020-06-30,2020-Q2,USA,0.79,0.089,11.15,0.88,0.1685,-0.1243,0.49,0.0037,-0.0825,0.0006,0.17307692307692307,0.19230769230769232,0.1346153846153846,0.23076923076923078,0.4326923076923077,0.7211538461538461,0.16666666666666666,0.3317307692307693,0.27884615384615385,0.27884615384615385,0.23557692307692307,0.719047619047619,0.6706161137440758,0.4146919431279621,0.36153846153846153,0.7838541666666666,0.8076923076923077,0.601451891973219,0.572696314102564,0.8076923076923077,0.7391542107181918
JP Morgan Chase,2020-03-31,2020-Q1,USA,1.0,0.1079,11.02,0.89,0.2031,0.0705,0.46,0.0212,-0.0094,0.0126,0.6153846153846154,0.5576923076923077,0.38461538461538464,0.27884615384615385,0.16346153846153846,0.6730769230769231,0.5192307692307693,0.22115384615384615,0.32692307692307687,0.32692307692307687,0.4423076923076923,0.8666666666666667,0.8672985781990521,0.6018957345971564,0.37948717948717947,0.703125,0.8205128205128205,0.778620326487625,0.5413060897435897,0.8205128205128205,0.8439056993559363
JP Morgan Chase,2019-12-31,2019-Q4,USA,1.27,0.1321,9.28,0.92,0.2431,-0.0382,0.42,0.0203,0.0099,0.0164,0.8846153846153846,0.75,0.8653846153846154,0.4423076923076923,0.019230769230769232,0.3076923076923077,0.8333333333333334,0.23076923076923075,0.6923076923076923,0.6923076923076923,0.7211538461538461,0.9666666666666667,0.9241706161137441,0.8672985781990521,0.4461538461538462,0.6171875,0.9179487179487179,0.9193786203264876,0.5316706730769231,0.9179487179487179,0.921059667031231
JP Morgan Chase,2019-09-30,2019-Q3,USA,1.22,0.1272,9.46,0.93,0.2369,-0.0515,0.46,0.0176,0.0149,0.0219,0.7884615384615384,0.7115384615384616,0.8269230769230769,0.49038461538461536,0.16346153846153846,0.34615384615384615,0.7756410256410255,0.3269230769230769,0.6538461538461539,0.6538461538461539,0.6826923076923077,0.9380952380952381,0.9146919431279621,0.8246445497630331,0.46923076923076923,0.703125,0.9076923076923077,0.8924772436620777,0.5861778846153847,0.9076923076923077,0.911192125410135
JP Morgan Chase,2019-06-30,2019-Q2,USA,1.22,0.1253,9.36,0.97,0.238,0.0065,0.49,0.0181,0.0136,0.024,0.7884615384615384,0.6923076923076923,0.8461538461538461,0.6538461538461539,0.4326923076923077,0.3269230769230769,0.7756410256410257,0.5432692307692308,0.6730769230769231,0.6730769230769231,0.6826923076923077,0.9380952380952381,0.909952606635071,0.8341232227488151,0.6512820512820513,0.7838541666666666,0.9128205128205128,0.8940570224930413,0.717568108974359,0.9128205128205128,0.9113865597277919
JP Morgan Chase,2019-03-31,2019-Q1,USA,1.18,0.1209,9.53,1.0,0.2337,-0.003,0.53,0.0164,0.0093,0.024,0.7403846153846154,0.6346153846153846,0.7884615384615384,0.7211538461538461,0.7403846153846154,0.36538461538461536,0.7211538461538461,0.7307692307692308,0.6346153846153846,0.6346153846153846,0.6346153846153846,0.9214285714285714,0.8957345971563981,0.7938388625592417,0.6820512820512821,0.8671875,0.9025641025641026,0.8703340103814038,0.774619391025641,0.9025641025641026,0.8991493498602503
JP Morgan Chase,2018-12-31,2018-Q4,USA,1.18,0.1194,9.22,1.0,0.2365,0.1301,0.49,0.022,0.0057,0.0222,0.7403846153846154,0.6153846153846154,0.8076923076923077,0.7211538461538461,0.4326923076923077,0.28846153846153844,0.7211538461538461,0.5769230769230769,0.7115384615384616,0.7115384615384616,0.6634615384615385,0.9214285714285714,0.8909952606635071,0.8199052132701422,0.6820512820512821,0.7838541666666666,0.9230769230769231,0.8774430151207402,0.7329527243589744,0.9230769230769231,0.9070360918702152
JP Morgan Chase,2018-09-30,2018-Q3,USA,1.08,0.1083,9.1,1.01,0.2211,-0.0269,0.51,0.0264,0.0106,0.0192,0.6923076923076923,0.5769230769230769,0.6634615384615384,0.7980769230769231,0.5576923076923077,0.23076923076923078,0.6442307692307692,0.6778846153846154,0.7692307692307692,0.7692307692307692,0.673076923076923,0.8976190476190476,0.8720379146919431,0.7180094786729858,0.7051282051282052,0.8177083333333334,0.9384615384615385,0.8292221469946588,0.7614182692307693,0.9384615384615385,0.9052497265767407
JP Morgan Chase,2018-06-30,2018-Q2,USA,1.02,0.1018,9.06,1.01,0.2133,-0.0013,0.52,0.0271,0.0124,0.0174,0.6346153846153846,0.5,0.5192307692307693,0.7980769230769231,0.6346153846153846,0.21153846153846154,0.5512820512820512,0.7163461538461539,0.7884615384615384,0.7884615384615384,0.6442307692307692,0.8738095238095238,0.8388625592417062,0.6587677725118484,0.7051282051282052,0.8385416666666666,0.9435897435897436,0.7904799518543594,0.7718349358974359,0.9435897435897436,0.8912261514157249
JP Morgan Chase,2018-03-31,2018-Q1,USA,0.97,0.0965,9.19,1.01,0.2087,0.0168,0.52,0.0221,0.0145,0.0145,0.5576923076923077,0.4423076923076923,0.46153846153846156,0.7980769230769231,0.6346153846153846,0.2692307692307692,0.4871794871794872,0.7163461538461539,0.7307692307692308,0.7307692307692308,0.5865384615384616,0.8428571428571429,0.7962085308056872,0.6445497630331753,0.7051282051282052,0.8385416666666666,0.9282051282051282,0.7612051455653351,0.7718349358974359,0.9282051282051282,0.8622068295054077
JP Morgan Chase,2017-12-31,2017-Q4,USA,0.88,0.0878,8.91,1.01,0.197,0.1523,0.51,0.0212,0.0175,0.012,0.3173076923076923,0.11538461538461539,0.3076923076923077,0.7980769230769231,0.5576923076923077,0.125,0.2467948717948718,0.6778846153846154,0.875,0.875,0.4951923076923077,0.7642857142857142,0.6492890995260664,0.5639810426540285,0.7051282051282052,0.8177083333333334,0.9666666666666667,0.659185285488603,0.7614182692307693,0.9666666666666667,0.8079778830963665
JP Morgan Chase,2017-09-30,2017-Q3,USA,0.99,0.0975,8.92,1.03,0.2205,-0.049,0.54,0.0197,0.0131,0.0115,0.5961538461538461,0.46153846153846156,0.6346153846153846,0.9423076923076923,0.8365384615384616,0.16346153846153846,0.5641025641025641,0.8894230769230769,0.8365384615384616,0.8365384615384616,0.6490384615384616,0.861904761904762,0.8104265402843602,0.7061611374407583,0.7461538461538462,0.8932291666666666,0.9564102564102565,0.7928308132099602,0.8196915064102563,0.9564102564102565,0.8834183983473083
JP Morgan Chase,2017-06-30,2017-Q2,USA,0.97,0.0962,8.92,1.04,0.2211,0.0101,0.55,0.019,0.0082,0.0095,0.5576923076923077,0.4230769230769231,0.6634615384615384,0.9903846153846154,0.9230769230769231,0.16346153846153846,0.548076923076923,0.9567307692307693,0.8365384615384616,0.8365384615384616,0.6298076923076923,0.8428571428571429,0.7914691943127962,0.7180094786729858,0.7692307692307693,0.9166666666666666,0.9564102564102565,0.7841119386143083,0.842948717948718,0.9564102564102565,0.8739397253615263
JP Morgan Chase,2017-03-31,2017-Q1,USA,0.95,0.0935,8.95,1.03,0.2182,0.045,0.54,0.0254,0.01,0.007,0.5,0.38461538461538464,0.5769230769230769,0.9423076923076923,0.8365384615384616,0.19230769230769232,0.48717948717948717,0.8894230769230769,0.8076923076923077,0.8076923076923077,0.5961538461538461,0.8261904761904761,0.7582938388625592,0.6919431279620853,0.7461538461538462,0.8932291666666666,0.9487179487179487,0.7588091476717068,0.8196915064102563,0.9487179487179487,0.853505893790254
JP Morgan Chase,2016-12-31,2016-Q4,USA,0.92,0.0903,8.8,1.01,0.2146,0.0343,0.52,0.018,0.0104,0.0045,0.41346153846153844,0.2692307692307692,0.5384615384615384,0.7980769230769231,0.6346153846153846,0.07692307692307693,0.4070512820512821,0.7163461538461539,0.9230769230769231,0.9230769230769231,0.5961538461538461,0.7880952380952381,0.7014218009478673,0.6682464454976303,0.7051282051282052,0.8385416666666666,0.9794871794871794,0.7192544948469118,0.7718349358974359,0.9794871794871794,0.8404544902175234
JP Morgan Chase,2016-09-30,2016-Q3,USA,0.89,0.0866,8.91,1.04,0.2086,-0.0055,0.54,0.0112,0.0097,0.004,0.34615384615384615,0.09615384615384616,0.4423076923076923,0.9903846153846154,0.8365384615384616,0.125,0.2948717948717949,0.9134615384615385,0.875,0.875,0.4855769230769231,0.7714285714285715,0.6255924170616114,0.6398104265402843,0.7692307692307693,0.8932291666666666,0.9666666666666667,0.6789438050101557,0.831229967948718,0.9666666666666667,0.796129541864139
JP Morgan Chase,2016-06-30,2016-Q2,USA,0.92,0.0892,8.77,1.03,0.2183,0.011,0.53,0.0105,0.01,0.0037,0.41346153846153844,0.23076923076923078,0.5961538461538461,0.9423076923076923,0.7403846153846154,0.057692307692307696,0.4134615384615385,0.8413461538461539,0.9423076923076923,0.9423076923076923,0.5865384615384616,0.7880952380952381,0.6824644549763034,0.6966824644549763,0.7461538461538462,0.8671875,0.9846153846153847,0.7224140525088393,0.8066706730769231,0.9846153846153847,0.833539919795844
JP Morgan Chase,2016-03-31,2016-Q1,USA,0.92,0.0904,8.69,1.02,0.2214,0.0565,0.53,0.0108,0.0049,0.0036,0.41346153846153844,0.28846153846153844,0.6923076923076923,0.8846153846153846,0.7403846153846154,0.038461538461538464,0.4647435897435897,0.8125,0.9615384615384616,0.9615384615384616,0.625,0.7880952380952381,0.7085308056872038,0.7251184834123223,0.7282051282051282,0.8671875,0.9897435897435898,0.7405815090649215,0.7976963141025641,0.9897435897435898,0.8491371977153968
JP Morgan Chase,2015-12-31,2015-Q4,USA,0.92,0.0934,8.5,1.02,0.2243,0.024,0.52,0.0047,0.0018,0.0016,0.41346153846153844,0.36538461538461536,0.7115384615384616,0.8846153846153846,0.6346153846153846,0.019230769230769232,0.4967948717948718,0.7596153846153846,0.9807692307692307,0.9807692307692307,0.673076923076923,0.7880952380952381,0.7535545023696683,0.7345971563981043,0.7282051282051282,0.8385416666666666,0.9948717948717949,0.7587489656210035,0.7833733974358974,0.9948717948717949,0.8742131486207316
JP Morgan Chase,2015-09-30,2015-Q3,USA,0.88,0.0921,8.84,1.02,0.2181,0.0089,0.54,0.0011,0.0067,0.0014,0.3173076923076923,0.3076923076923077,0.5576923076923077,0.8846153846153846,0.8365384615384616,0.09615384615384616,0.3942307692307692,0.8605769230769231,0.9038461538461539,0.9038461538461539,0.6057692307692308,0.7642857142857142,0.7251184834123223,0.6872037914691943,0.7282051282051282,0.8932291666666666,0.9743589743589743,0.725535996389077,0.8107171474358974,0.9743589743589743,0.8497387288856484
JP Morgan Chase,2015-06-30,2015-Q2,USA,0.82,0.0887,9.16,1.01,0.2033,-0.0408,0.55,-0.0004,0.012,0.0012,0.23076923076923078,0.15384615384615385,0.40384615384615385,0.7980769230769231,0.9230769230769231,0.25,0.26282051282051283,0.8605769230769231,0.75,0.75,0.4519230769230769,0.7333333333333333,0.6587677725118484,0.6066350710900474,0.7051282051282052,0.9166666666666666,0.9333333333333333,0.6662453923117431,0.8108974358974359,0.9333333333333333,0.7960505529225909
JP Morgan Chase,2015-03-31,2015-Q1,USA,0.81,0.0891,9.93,0.99,0.1991,-0.012,0.58,-0.0006,0.0085,0.0011,0.21153846153846154,0.21153846153846154,0.3269230769230769,0.6923076923076923,1.0,0.3942307692307692,0.25,0.8461538461538461,0.6057692307692308,0.6057692307692308,0.4086538461538462,0.7285714285714285,0.6777251184834123,0.5829383886255924,0.6717948717948717,0.9375,0.8948717948717949,0.6630783118934778,0.8046474358974358,0.8948717948717949,0.7862984566776037
JP Morgan Chase,2014-12-31,2014-Q4,USA,0.8,0.0883,10.1,0.98,0.1949,0.0534,0.57,0.0125,0.0061,0.001,0.19230769230769232,0.1346153846153846,0.25,0.6730769230769231,0.9807692307692307,0.4423076923076923,0.1923076923076923,0.8269230769230769,0.5576923076923077,0.5576923076923077,0.34615384615384615,0.7238095238095238,0.6540284360189573,0.5355450236966824,0.6641025641025641,0.9322916666666666,0.882051282051282,0.6377943278417212,0.7981971153846154,0.882051282051282,0.7680398590351196
JP Morgan Chase,2014-09-30,2014-Q3,USA,0.83,0.0925,9.93,0.96,0.1967,-0.0627,0.55,0.0178,0.0163,0.0009,0.25,0.34615384615384615,0.28846153846153844,0.6153846153846154,0.9230769230769231,0.3942307692307692,0.2948717948717949,0.7692307692307693,0.6057692307692308,0.6057692307692308,0.4759615384615385,0.7380952380952381,0.7345971563981043,0.5592417061611374,0.6102564102564103,0.9166666666666666,0.8948717948717949,0.6773113668848266,0.7634615384615384,0.8948717948717949,0.8147344756349496
JP Morgan Chase,2014-06-30,2014-Q2,USA,0.6,0.0684,10.09,0.96,0.1426,-0.0169,0.55,0.0205,0.0187,0.0009,0.019230769230769232,0.019230769230769232,0.019230769230769232,0.6153846153846154,0.9230769230769231,0.4230769230769231,0.019230769230769232,0.7692307692307693,0.5769230769230769,0.5769230769230769,0.2980769230769231,0.6095238095238096,0.4146919431279621,0.26066350710900477,0.6102564102564103,0.9166666666666666,0.8871794871794871,0.4282930865869255,0.7634615384615384,0.8871794871794871,0.6509357151537246
JP Morgan Chase,2014-03-31,2014-Q1,USA,0.63,0.0724,10.28,0.96,0.1466,0.0552,0.55,0.0141,0.0003,0.0007,0.038461538461538464,0.038461538461538464,0.038461538461538464,0.6153846153846154,0.9230769230769231,0.46153846153846156,0.038461538461538464,0.7692307692307693,0.5384615384615384,0.5384615384615384,0.28846153846153844,0.6404761904761904,0.46445497630331756,0.2843601895734597,0.6102564102564103,0.9166666666666666,0.8769230769230769,0.46309711878432264,0.7634615384615384,0.8769230769230769,0.6706890266131973
JP Morgan Chase,2013-12-31,2013-Q4,USA,0.68,0.0794,10.44,0.95,0.1551,-0.0319,0.53,0.0123,0.014,0.0009,0.057692307692307696,0.057692307692307696,0.07692307692307693,0.5576923076923077,0.7403846153846154,0.4807692307692308,0.06410256410256411,0.6490384615384616,0.5192307692307692,0.5192307692307692,0.28846153846153844,0.6666666666666666,0.5592417061611374,0.3127962085308057,0.5384615384615384,0.8671875,0.8717948717948718,0.5129015271195366,0.7028245192307692,0.8717948717948718,0.7155182889780046
JP Morgan Chase,2013-09-30,2013-Q3,USA,0.7,0.0817,10.92,0.94,0.1586,0.0302,0.53,0.0155,0.0135,0.0008,0.07692307692307693,0.07692307692307693,0.11538461538461539,0.5192307692307693,0.7403846153846154,0.6153846153846154,0.08974358974358976,0.6298076923076923,0.3846153846153846,0.3846153846153846,0.23076923076923075,0.6761904761904762,0.5924170616113744,0.3459715639810427,0.4897435897435897,0.8671875,0.8358974358974359,0.5381930339276311,0.6784655448717949,0.8358974358974359,0.7141572487544052
JP Morgan Chase,2013-06-30,2013-Q2,USA,0.96,0.1117,10.66,0.95,0.2101,-0.0787,0.53,0.0139,0.0048,0.0012,0.5192307692307693,0.5961538461538461,0.4807692307692308,0.5576923076923077,0.7403846153846154,0.5769230769230769,0.532051282051282,0.6490384615384616,0.42307692307692313,0.42307692307692313,0.5096153846153846,0.8333333333333334,0.8815165876777251,0.6492890995260664,0.5384615384615384,0.8671875,0.8461538461538461,0.7880463401790417,0.7028245192307692,0.8461538461538461,0.8638352169157857
JP Morgan Chase,2013-03-31,2013-Q1,USA,0.92,0.1068,10.54,0.95,0.2012,0.0009,0.52,0.0168,0.0139,0.0014,0.41346153846153844,0.5384615384615384,0.36538461538461536,0.5576923076923077,0.6346153846153846,0.5,0.4391025641025641,0.5961538461538461,0.5,0.5,0.5192307692307692,0.7880952380952381,0.8625592417061612,0.5971563981042654,0.5384615384615384,0.8385416666666666,0.8666666666666667,0.7492702926352216,0.6885016025641025,0.8666666666666667,0.8646129541864139
JP Morgan Chase,2012-12-31,2012-Q4,USA,0.86,0.1013,10.56,0.93,0.1839,0.0575,0.51,0.0189,0.0062,0.0016,0.28846153846153844,0.4807692307692308,0.19230769230769232,0.49038461538461536,0.5576923076923077,0.5192307692307693,0.3205128205128205,0.5240384615384616,0.4807692307692307,0.4807692307692307,0.4807692307692307,0.7547619047619047,0.8341232227488151,0.4928909952606635,0.46923076923076923,0.8177083333333334,0.8615384615384616,0.6939253742571277,0.6434695512820513,0.8615384615384616,0.8478308421436384
JP Morgan Chase,2012-09-30,2012-Q3,USA,0.78,0.0942,10.62,0.92,0.169,-0.0627,0.49,0.017,0.0069,0.0014,0.15384615384615385,0.40384615384615385,0.15384615384615385,0.4423076923076923,0.4326923076923077,0.5576923076923077,0.2371794871794872,0.4375,0.4423076923076923,0.4423076923076923,0.4230769230769231,0.7119047619047619,0.7725118483412322,0.4218009478672986,0.4461538461538462,0.7838541666666666,0.8512820512820513,0.635405852704431,0.6150040064102564,0.8512820512820513,0.8118969498116417
JP Morgan Chase,2012-06-30,2012-Q2,USA,0.72,0.0888,10.95,0.91,0.1568,0.1061,0.48,0.0189,0.0086,0.0015,0.09615384615384616,0.17307692307692307,0.09615384615384616,0.375,0.3173076923076923,0.6346153846153846,0.12179487179487179,0.34615384615384615,0.3653846153846154,0.3653846153846154,0.2692307692307693,0.6833333333333333,0.6635071090047393,0.3175355450236967,0.4153846153846154,0.7526041666666666,0.8307692307692307,0.5547919957872565,0.583994391025641,0.8307692307692307,0.747138169886985
JP Morgan Chase,2012-03-31,2012-Q1,USA,0.75,0.0922,11.26,0.91,0.153,-0.1359,0.49,0.0282,0.0,0.001,0.11538461538461539,0.3269230769230769,0.057692307692307696,0.375,0.4326923076923077,0.7884615384615384,0.16666666666666666,0.40384615384615385,0.21153846153846156,0.21153846153846156,0.2692307692307693,0.6952380952380952,0.7298578199052133,0.2985781990521327,0.4153846153846154,0.7838541666666666,0.7846153846153846,0.574558038065147,0.599619391025641,0.7846153846153846,0.757236602260299
